datetime,open,high,low,close,volume,RSI,MOM,MACD,MACD_SIGNAL,MACD_HIST,ADX,ROC,BBANDS_UPPER,BBANDS_MIDDLE,BBANDS_LOWER,SMA_50,PLAW,PLAW_BANDS_LOW,PLAW_BANDS_UP,dist_nearest_support,dist_nearest_resistance,strength_support,strength_resistance,OBV,next_close
2025-09-19 06:00:00,116977.58,117100.0,116633.86,116909.97,1538.09106,55.23018651123973,1034.6499999999942,467.31737333555066,480.89095069008033,-13.573577354529675,16.42496946832046,0.892899368044886,117986.20647730338,116571.17699999965,115156.14752269592,115827.82339999994,112816.13605328792,112816.13605328792,112816.13605328792,97.2100000000064,151.97999999999593,0.036366109808075545,0.03190951743971235,4007655.5416130186,115840.0
2025-09-19 10:00:00,116909.98,117090.36,116300.0,116394.72,1243.82831,50.14905584009169,742.6999999999971,394.04484611176304,463.5217297744169,-69.47688366265385,15.617830769055129,0.6421850651635808,117920.62101310943,116625.55049999966,115330.4799868899,115867.71759999995,112832.51563694273,112832.51563694273,112832.51563694273,72.30000000000291,270.9100000000035,0.037592228276039884,0.027965788345817328,4006411.713303019,115287.83
2025-09-19 14:00:00,116394.72,116529.08,115464.19,115884.03,2657.87565,45.66480876077686,-563.5599999999977,291.4082524622354,429.0990343119806,-137.69078184974518,15.939676182058166,-0.4839602090519812,117917.61279105059,116627.75199999966,115337.89120894873,115903.72659999995,112848.89484733169,112848.89484733169,112848.89484733169,87.80000000000291,79.77999999999884,0.03956361581616637,0.03897540179208764,4003753.837653019,115905.88
2025-09-19 18:00:00,115884.03,116136.0,115112.58,115125.12,1413.65495,39.94816403866208,-2456.540000000008,147.13424601359293,372.70607665230307,-225.57183063871014,16.61985082354943,-2.0892203767152173,117944.74989220055,116619.61649999965,115294.48310779876,115926.22919999994,112865.273684526,112865.273684526,112865.273684526,25.119999999995343,303.3600000000006,0.0624635372395267,0.02736554157110369,4002340.182703019,116800.12
2025-09-19 22:00:00,115125.13,115657.28,115100.0,115632.38,812.25284,44.91225341415904,-1453.62999999999,72.88749741693027,312.7423608052285,-239.8548633882982,17.26511675935799,-1.2415061372404668,117965.4538050995,116605.94149999965,115246.4291948998,115955.27059999995,112881.65214859681,112881.65214859681,112881.65214859681,104.5399999999936,87.61999999999534,0.035353428629415234,0.03486916525261359,4003152.4355430193,116788.96
2025-09-20 02:00:00,115632.39,115730.41,115408.47,115445.0,717.06298,43.48235985787218,-1618.3999999999942,-1.0613511692499742,249.9816184103328,-251.04296957958277,17.722254726033192,-1.3824987143718603,117984.53475965327,116538.18549999964,115091.83624034602,115975.77079999994,112898.03023961524,112898.03023961524,112898.03023961524,291.91999999999825,275.0,0.02681881164815862,0.026626635129835055,4002435.3725630194,116372.04
2025-09-20 06:00:00,115445.0,115985.2,115409.08,115968.56,759.46126,48.42341140329272,-1615.0,-17.220917996950448,196.54111112887614,-213.7620291258266,17.651636824185573,-1.3734913282094863,117959.18899207086,116497.16549999965,115035.14200792844,115985.48819999993,112914.40795765241,112914.40795765241,112914.40795765241,159.44000000000233,4.75,0.033857357286098205,0.2346031742693375,4003194.833823019,117162.48
2025-09-20 10:00:00,115968.56,115968.57,115664.11,115894.06,793.04586,47.783255729646335,-1556.1500000000087,-35.62831744318828,150.10722541446324,-185.73554285765152,17.586063058184212,-1.3249444168724867,117958.13821608984,116473.26649999965,114988.39478390946,115999.48659999993,112930.78530277942,112930.78530277942,112930.78530277942,97.83000000000175,69.75,0.03815098586386563,0.040438689249137155,4002401.787963019,116258.13
2025-09-20 14:00:00,115894.05,116121.81,115804.47,115986.69,836.91424,48.69149371831569,-1086.8399999999965,-42.25476068518765,111.63482819453307,-153.88958887972072,17.211448989088026,-0.9283396511576947,117878.50141248803,116414.47699999965,114950.45258751127,116017.48639999994,112947.1622750673,112947.1622750673,112947.1622750673,141.30999999999767,22.880000000004657,0.033861627660861385,0.06797867347555374,4003238.702203019,115875.32
2025-09-20 18:00:00,115986.7,116079.46,115698.08,115702.0,898.20806,46.04092455513137,-1275.5800000000017,-69.6751961518894,75.37282332524858,-145.04801947713798,17.03491419355424,-1.0904482722244757,117882.30096666096,116386.67049999966,114891.04003333836,116033.25739999993,112963.53887458712,112963.53887458712,112963.53887458712,34.919999999998254,18.0,0.059009697562985707,0.07968087182488741,4002340.494143019,115652.02
2025-09-20 22:00:00,115702.0,115944.7,115603.42,115685.63,670.23512,45.88624613623762,-1224.3399999999965,-91.67029292891675,41.96420007441551,-133.63449300333227,17.02657595188079,-1.0472502901163971,117887.99583568258,116377.18599999967,114866.37616431675,116044.54639999993,112979.91510140983,112979.91510140983,112979.91510140983,51.2899999999936,34.36999999999534,0.04826445199696174,0.053037000549282766,4001670.259023019,116447.59
2025-09-21 02:00:00,115685.63,115732.94,115441.83,115669.41,919.05922,45.72233782718376,-725.3099999999977,-109.15214603992354,11.740930851547695,-120.89307689147122,17.285048873328474,-0.6231468231548631,117887.21406131849,116378.05549999967,114868.89693868085,116025.28439999995,112996.29095560646,112996.29095560646,112996.29095560646,67.50999999999476,50.58999999999651,0.042398708170653616,0.043537139650231496,4000751.199803019,117581.66
2025-09-21 06:00:00,115669.42,115815.98,115487.56,115815.97,806.9398,47.54560215579036,-68.05999999999767,-109.9134594911011,-12.589947216982061,-97.32351227411903,17.31630066631661,-0.05873112973374672,117874.80402515164,116346.47449999969,114818.14497484775,116021.01539999993,113012.66643724794,113012.66643724794,113012.66643724794,19.74000000000524,95.97000000000116,0.0837371572795329,0.03747767273845548,4001558.1396030188,117086.01
2025-09-21 10:00:00,115815.98,115819.06,115329.03,115603.45,786.85295,45.17584511804292,478.33000000000175,-126.21051749995968,-35.314061273577586,-90.8964562263821,17.624134868246813,0.41548708049121696,117697.37034122176,116247.5639999997,114797.75765877763,116013.94439999993,113029.04154640522,113029.04154640522,113029.04154640522,133.47000000000116,116.55000000000291,0.03239131328618979,0.03185611239834478,4000771.2866530186,117063.4
2025-09-21 14:00:00,115603.45,115747.23,115473.19,115531.61,671.3204,44.3707604766167,-100.77000000000407,-143.2713975069055,-56.905528520243166,-86.36586898666232,17.909980912896284,-0.08714687010680233,117598.02344267927,116169.84399999969,114741.66455732011,116009.00239999994,113045.41628314918,113045.41628314918,113045.41628314918,205.30999999999767,188.38999999999942,0.02858441782598338,0.02832724642464679,4000099.9662530185,117583.56
2025-09-21 18:00:00,115531.62,115665.52,115209.02,115480.05,781.11646,43.767892576760715,35.05000000000291,-159.1185097914713,-77.3481247744888,-81.7703850169825,18.645574727364103,0.0303607778595838,117487.13675211323,116090.67649999968,114694.21624788613,115999.12119999994,113061.79064755072,113061.79064755072,113061.79064755072,256.86999999999534,239.9499999999971,0.027302254647507053,0.02713648473960875,3999318.8497930183,117450.21
2025-09-21 22:00:00,115480.05,115545.43,115188.0,115232.29,546.23336,40.892656064851955,-736.2700000000041,-189.48535263788654,-99.77557034716834,-89.7097822907182,19.365267548078283,-0.63488759367194,117236.61677021923,115973.11299999969,114709.60922978015,115988.39339999994,113078.16463968069,113078.16463968069,113078.16463968069,132.2899999999936,410.52999999999884,0.029813171534944397,0.026169739651024315,3998772.6164330184,117073.53
2025-09-22 02:00:00,115232.29,115379.25,114150.0,114649.89,3078.59053,35.061861202164515,-1244.1699999999983,-257.5769206498808,-131.33584040771083,-126.24108024216994,21.435497088876566,-1.0735407837123012,117029.69407855418,115833.09699999969,114636.4999214452,115965.44879999994,113094.53825960992,113094.53825960992,113094.53825960992,70.91999999999825,142.11000000000058,0.048505548098938076,0.034423189268805804,3995694.025903018,116977.58
2025-09-22 06:00:00,114649.89,114649.9,111800.0,112519.99,7290.80289,22.452935195524084,-3466.699999999997,-477.89621842965425,-200.64791601209953,-277.2483024175547,24.839823404945815,-2.9888774306776056,117369.53396918088,115605.41999999972,113841.30603081857,115897.48279999994,113110.9115074092,113110.9115074092,113110.9115074092,130.00999999999476,55.279999999998836,0.03257658713658971,0.041151914133270365,3988403.2230130183,116909.97
2025-09-22 10:00:00,112520.0,112976.02,112173.52,112876.97,3052.23045,27.179709767201192,-2825.029999999999,-616.5879050841177,-283.83591382650314,-332.7519912576145,28.000983555581545,-2.441643186807485,117414.40820396073,115400.38949999973,113386.37079603873,115841.42259999992,113127.28438314932,113127.28438314932,113127.28438314932,226.97000000000116,301.6999999999971,0.023132276428216508,0.02835157900890564,3991455.4534630184,116394.72
2025-09-22 14:00:00,112876.97,113432.76,112380.0,112815.5,3313.50245,26.875924332529564,-2870.1300000000047,-723.1264298979077,-371.69401704078405,-351.4324128571236,29.9335388576156,-2.480973652475249,117379.51319757542,115195.6659999997,113011.818802424,115781.62479999993,113143.65688690105,113143.65688690105,113143.65688690105,165.5,240.22999999999593,0.02515498709147613,0.02854133126342599,3988141.9510130184,115884.03
2025-09-22 18:00:00,112815.5,112888.0,111936.4,112122.9,2731.51753,23.666285347478272,-3546.5100000000093,-853.6061695110257,-468.07644753483237,-385.5297219761933,31.98455613745453,-3.0660742542042985,117469.55086931464,114982.07499999969,112494.59913068474,115708.18459999994,113160.02901873508,113160.02901873508,113160.02901873508,202.89999999999418,142.89999999999418,0.028330651681742286,0.029638788192077613,3985410.4334830185,115125.12
2025-09-22 22:00:00,112122.9,112977.41,111975.28,112650.99,1315.06971,30.483269077400994,-3164.979999999996,-903.979342489838,-555.2570265258335,-348.72231596400457,33.69588805516684,-2.7327664742608393,117467.51529439006,114820.42299999972,112173.33070560938,115656.72419999994,113176.40077872213,113176.40077872213,113176.40077872213,0.9900000000052387,75.72000000000116,1.020916697470989,0.036550684601005475,3986725.5031930185,115632.38
2025-09-23 02:00:00,112650.99,112833.09,111478.0,112339.99,2398.09582,28.849284206050225,-3263.459999999992,-957.9528615759045,-635.7961935358477,-322.15666804005684,35.57654020331243,-2.822978033960055,117534.49256706142,114681.16649999973,111827.84043293804,115590.82419999994,113192.77216693289,113192.77216693289,113192.77216693289,40.00999999999476,235.27999999999884,0.04714718576222156,0.02771662517694608,3984327.4073730186,115445.0
2025-09-23 06:00:00,112339.99,113114.01,111876.15,113090.13,2504.81638,37.54526338458704,-2441.479999999996,-929.4827370812272,-694.5335022449236,-234.94923483630362,36.71296830997927,-2.1132571423526425,117452.70149472868,114554.05399999973,111655.40650527077,115547.26659999994,113209.143183438,113209.143183438,113209.143183438,440.13000000000466,203.15999999998894,0.020210262662346185,0.03199227493512724,3986832.223753019,115968.56
2025-09-23 10:00:00,113090.13,113281.5,112683.33,112975.99,1814.57634,36.80810151447855,-2504.0599999999977,-905.689873308118,-736.7647764575624,-168.92509685055552,37.40979641278453,-2.168391856428875,117376.87189197127,114430.60349999974,111484.3351080282,115497.87739999994,113225.51382830809,113225.51382830809,113225.51382830809,325.99000000000524,317.29999999998836,0.021342934566186036,0.029117291741161427,3985017.6474130186,115894.06
2025-09-23 14:00:00,112975.99,113290.5,112496.61,112882.19,1948.83266,36.17943668863259,-2350.0999999999913,-884.2101096874976,-766.2538431035495,-117.95626658394815,38.20309741694594,-2.0394457143913303,117207.44440780814,114276.28499999973,111345.12559219131,115439.38879999996,113241.88410161377,113241.88410161377,113241.88410161377,232.19000000000233,306.91999999999825,0.02300471852391655,0.028360528187168513,3983068.814753019,115986.69
2025-09-23 18:00:00,112882.2,112958.58,111540.2,111655.29,2394.18192,29.163229946374834,-2994.600000000006,-955.1771312418568,-804.0385007312109,-151.13863051064595,39.58042580337185,-2.611951917267441,117107.78329591753,114064.34649999972,111020.90970408192,115371.09459999995,113258.25400342558,113258.25400342558,113258.25400342558,29.5,324.7100000000064,0.056818969453833086,0.02512132640127271,3980674.632833019,115702.0
2025-09-23 22:00:00,111655.29,112220.54,111458.73,111998.8,1240.81718,33.07645151704454,-521.1900000000023,-972.4903574597411,-837.7288720769169,-134.76148538282416,40.90714456561553,-0.46319769491626195,116901.01695756434,113864.95199999973,110828.88704243512,115314.21259999994,113274.62353381411,113274.62353381411,113274.62353381411,78.80000000000291,18.80000000000291,0.03561852920734679,0.07532729698904543,3981915.4500130187,115685.63
2025-09-24 02:00:00,111998.8,112500.0,111683.09,111683.09,2848.03309,31.36167107648662,-1193.8800000000047,-1000.1571830440225,-870.214534270338,-129.94264877368448,41.51867791531466,-1.0576825370135379,116719.05630928709,113664.00649999971,110608.95669071234,115241.71879999993,113290.99269284988,113290.99269284988,113290.99269284988,1.6999999999970896,296.9100000000035,0.6081197332650008,0.02536922198221893,3979067.4169230186,115669.41
2025-09-24 06:00:00,111683.1,112779.37,111042.66,112583.54,2905.68984,40.79011035802,-231.9600000000064,-938.6048990084091,-883.8926072179522,-54.7122917904569,42.51735387263751,-0.2056100447190401,116450.53232516121,113508.90199999973,110567.27167483824,115186.39539999994,113307.36148060337,113307.36148060337,113307.36148060337,66.4600000000064,8.269999999989523,0.03742345074700096,0.14392088604468112,3981973.1067630188,115815.97
2025-09-24 10:00:00,112583.54,113162.17,112405.62,113029.46,1567.72874,44.83163518527131,906.5600000000122,-844.1118571114639,-875.9364571966546,31.824600085190696,42.65218474371773,0.8085413416884624,116151.05474332749,113376.90449999971,110602.75425667193,115140.83959999993,113323.72989714507,113323.72989714507,113323.72989714507,379.4600000000064,263.8299999999872,0.02073230718902738,0.03011379764163772,3983540.835503019,115603.45
2025-09-24 14:00:00,113029.45,113890.0,112808.0,113346.41,2535.05067,47.570947181184195,695.4199999999983,-735.175578051334,-847.7842813675904,112.60870331625642,41.4625307247102,0.6173225818965289,115792.18607642171,113253.42649999971,110714.66692357771,115090.96779999994,113340.09794254543,113340.09794254543,113340.09794254543,696.4100000000035,38.20999999999185,0.019100202878125697,0.07349076034525838,3986075.8861730187,115531.61
2025-09-24 18:00:00,113346.4,113940.0,113163.21,113420.01,1318.69585,48.21398369300357,1080.0199999999895,-635.5773471289867,-805.3428945198697,169.76554739088294,40.27376983078555,0.9613851665822626,115446.13503706826,113144.25449999969,110842.37396293112,115053.61139999994,113356.46561687488,113356.46561687488,113356.46561687488,770.0099999999948,35.38999999999942,0.018987088270459192,0.0729784578588917,3987394.5820230185,115480.05
2025-09-24 22:00:00,113420.0,113647.58,113204.71,113307.0,1194.06148,47.255597336793414,216.86999999999534,-559.3165411684167,-756.1376238495791,196.82108268116235,39.16992042928409,0.1917673982689605,115061.46405907966,113033.0239999997,111004.58394091974,115001.63379999994,113372.8329202038,113372.8329202038,113372.8329202038,657.0,13.710000000006403,0.019191637033281212,0.11257399608182532,3986200.5205430184,115232.29
2025-09-25 02:00:00,113307.01,113510.23,112214.74,112546.21,3049.61418,41.30329588006908,-429.77999999999884,-553.8838693626312,-715.6868729521896,161.80300358955833,39.09346443487383,-0.3804171134061285,114582.88887408469,112886.3319999997,111189.77512591472,114916.55559999993,113389.19985260259,113389.19985260259,113389.19985260259,103.7899999999936,29.05999999999767,0.03327194502084848,0.0574869757251667,3983150.9063630183,114649.89
2025-09-25 06:00:00,112546.22,112614.43,111450.42,111766.72,2930.2095,36.26330776225777,-1115.4700000000012,-605.4969741374371,-693.6488931892391,88.151919051802,39.58867611370965,-0.9881718276372964,114094.4317578654,112713.05349999972,111331.67524213404,114816.11079999992,113405.56641414158,113405.56641414158,113405.56641414158,81.93000000000757,213.27999999999884,0.03777096344028201,0.026618779375476423,3980220.6968630184,112519.99
2025-09-25 10:00:00,111766.73,112246.46,111283.63,111348.0,2287.76235,33.8722673662127,-307.2899999999936,-672.4365066631435,-689.4064158840199,16.96990922087639,40.16114822983301,-0.2752131135031699,113740.26273714338,112547.95899999971,111355.65526285605,114715.62999999993,113421.9326048911,113421.9326048911,113421.9326048911,305.3399999999965,630.0,0.02589137309445079,0.024712090184762205,3977932.9345130185,112876.97
2025-09-25 14:00:00,111347.99,111729.52,110629.99,111580.77,4734.75828,36.38344608470231,-418.02999999999884,-698.6503682526527,-691.2552063577465,-7.3951618949062095,41.103543021714934,-0.3732450704828971,113765.79099447974,112500.9979999997,111236.20500551966,114603.9957999999,113438.29842492148,113438.29842492148,113438.29842492148,104.01999999998952,399.2299999999959,0.031932340871399796,0.024697390043807027,3982667.6927930187,112815.5
2025-09-25 18:00:00,111580.77,111672.58,108631.51,109360.0,6129.42446,26.17191692139379,-2323.0899999999965,-888.3819080364192,-730.680546693481,-157.70136134293818,42.86313220869072,-2.0800731784910265,114174.72059550881,112325.14949999968,110475.57840449054,114466.0331999999,113454.66387430293,113454.66387430293,113454.66387430293,30.880000000004657,120.02000000000407,0.055283723234662074,0.04267187984157603,3976538.2683330188,112122.9
2025-09-25 22:00:00,109360.0,109685.72,108765.0,108994.49,2099.3808,24.93164135973465,-3589.0499999999884,-1056.065457348086,-795.757528824402,-260.30792852368404,44.49703645373967,-3.187899403411887,114467.6546306942,112134.0989999997,109800.54336930519,114328.41659999991,113471.02895310576,113471.02895310576,113471.02895310576,327.83000000000175,42.11000000000058,0.027916605917738393,0.05594823235487644,3974438.887533019,112650.99
2025-09-26 02:00:00,108994.49,109798.84,108809.24,109580.01,2323.19574,30.604972822130787,-3449.4500000000116,-1128.6983753860113,-862.3456981367239,-266.35267724928747,45.81145522117202,-3.051814986995438,114592.58170176271,112006.95449999969,109421.32729823666,114206.97639999991,113487.39366140017,113487.39366140017,113487.39366140017,250.88999999999942,7.990000000005239,0.028582849946022008,0.1744418954314461,3976762.0832730187,112339.99
2025-09-26 06:00:00,109580.0,109625.94,108913.0,109320.02,3055.89804,29.53750536401556,-4026.3899999999994,-1193.4817912232975,-928.5729167540386,-264.9088744692589,47.03198693378778,-3.552287187569503,114657.40466373813,111840.40599999968,109023.40733626124,114064.4249999999,113503.75799925636,113503.75799925636,113503.75799925636,9.099999999991269,160.0,0.1326349275135799,0.03974957456175722,3973706.185233019,113090.13
2025-09-26 10:00:00,109320.02,109690.98,108620.07,109133.5,2675.46214,28.762433937733757,-4286.509999999995,-1245.5161849280266,-991.9615703888362,-253.55461453919042,48.29499436732839,-3.7793243008883537,114721.16960695665,111680.08149999967,108638.99339304268,113895.4617999999,113520.1219667445,113520.1219667445,113520.1219667445,195.61999999999534,181.11999999999534,0.028534127476466796,0.037287675999806376,3971030.723093019,112975.99
2025-09-26 14:00:00,109133.5,109779.73,108764.76,109027.78,3241.9244,28.30900529190547,-4279.220000000001,-1280.523459939679,-1049.6739482990047,-230.84951164067434,49.282924160137746,-3.7766598709700228,114653.83089899945,111476.96399999966,108300.09710099986,113734.29719999991,113536.48556393475,113536.48556393475,113536.48556393475,301.3399999999965,75.39999999999418,0.027758968311302642,0.04503192034008337,3967788.798693019,112882.19
2025-09-26 18:00:00,109027.79,110300.0,109027.78,109172.2,2093.42859,29.933976460110934,-3374.0100000000093,-1281.8372684537753,-1096.1066123299588,-185.73065612381652,49.15522641623392,-2.997888600602372,114536.50783363114,111286.77449999966,108037.04116636819,113576.4731999999,113552.84879089722,113552.84879089722,113552.84879089722,156.91999999999825,219.81999999999243,0.029568987689033543,0.03674957736444825,3969882.227283019,111655.29
2025-09-26 22:00:00,109172.21,109687.69,109087.57,109643.46,853.107,35.10316631391673,-2123.2599999999948,-1230.665383176165,-1123.0183664992,-107.647016676965,49.0366499397518,-1.899724712329387,114363.18625261786,111124.83799999967,107886.48974738148,113417.67119999992,113569.21164770202,113569.21164770202,113569.21164770202,222.5399999999936,55.4600000000064,0.029131388274750248,0.08214139549404312,3970735.334283019,111998.8
2025-09-27 02:00:00,109643.46,109743.91,109324.42,109553.77,1041.65919,34.58027481478068,-1794.229999999996,-1183.703531369756,-1135.1553994733113,-48.54813189644483,48.808724564705,-1.6113715558429442,114318.26326715085,111019.76199999967,107721.26073284849,113259.74239999992,113585.57413441924,113585.57413441924,113585.57413441924,224.65000000000873,34.229999999995925,0.028659445934882576,0.07929977097743103,3969693.675093019,111683.09
2025-09-27 06:00:00,109553.77,109742.27,109332.02,109411.2,908.84116,33.72041624201557,-2169.570000000007,-1144.7936642123823,-1137.0830524211256,-7.710611791256724,48.597079573590115,-1.9443941819006993,114227.8878250539,110890.38199999968,107552.87617494546,113106.4957999999,113601.93625111891,113601.93625111891,113601.93625111891,82.08000000000175,68.82000000000698,0.03524176258438924,0.05073986340206772,3968784.833933019,112583.54
2025-09-27 10:00:00,109411.19,109477.69,109064.4,109310.21,1356.29029,33.092696698768634,-49.7899999999936,-1109.3188262490585,-1131.5302071867122,22.211380937653757,48.625482649497634,-0.04552852962691478,114156.46118699473,110771.73799999969,107387.01481300466,112953.1483999999,113618.29799787105,113618.29799787105,113618.29799787105,18.90999999998894,169.80999999999767,0.07571735152712904,0.039244679585981206,3967428.543643019,113029.46
2025-09-27 14:00:00,109310.22,109477.59,109193.0,109402.24,1151.38343,34.293078972157126,407.75,-1061.541915294889,-1117.5325488083477,55.99063351345876,48.6518569342689,0.37410147980874164,113940.39354304929,110612.67299999969,107284.9524569501,112802.99379999991,113634.65937474566,113634.65937474566,113634.65937474566,73.1200000000099,77.77999999999884,0.03670023726517039,0.04865486990956101,3968579.927073019,113346.41
2025-09-27 18:00:00,109402.25,109440.0,109243.89,109424.2,590.81859,34.594620488543896,-155.80999999999767,-1010.2607239171775,-1096.0781838301136,85.8174599129361,48.6763473415565,-0.14218834256357615,113603.85552997669,110432.40999999971,107260.96447002274,112663.58339999993,113651.02038181273,113651.02038181273,113651.02038181273,95.08000000000175,55.820000000006985,0.03363219946386254,0.05480237241178118,3969170.745663019,113420.01
2025-09-27 22:00:00,109424.21,109699.98,109362.72,109635.85,452.79377,37.56841515144453,315.83000000000175,-941.6864489184954,-1065.19983684779,123.5133879292946,47.997708400802516,0.2889040817958044,113136.34675341177,110246.8819999997,107357.41724658765,112538.61979999991,113667.3810191422,113667.3810191422,113667.3810191422,230.14999999999418,47.85000000000582,0.029007837491504686,0.0811251182455499,3969623.539433019,113307.0
2025-09-28 02:00:00,109635.85,109787.75,109325.05,109436.0,822.14827,35.90820974368486,302.5,-893.1711457267229,-1030.7940986235767,137.6229528968538,47.13492074805318,0.2771834496282155,112559.26284789812,110047.68149999972,107536.10015210131,112424.8373999999,113683.74128680401,113683.74128680401,113683.74128680401,106.88000000000466,44.020000000004075,0.03252882501652828,0.06031888651341524,3968801.391163019,112546.21
2025-09-28 06:00:00,109436.0,109537.8,109260.0,109513.06,569.05076,37.06313424925274,485.27999999999884,-838.8347555254586,-992.402230003953,153.56747447849443,46.41768183417606,0.4450975705457827,111881.99874714274,109857.98449999971,107833.97025285668,112302.4509999999,113700.10118486804,113700.10118486804,113700.10118486804,183.94000000000233,33.0399999999936,0.029175186313162016,0.07732153812729761,3969370.441923019,111766.72
2025-09-28 10:00:00,109513.06,109585.39,109250.0,109369.02,862.93461,35.76578257346695,196.82000000000698,-798.1945095783158,-953.5606859188256,155.3661763405098,45.612236283137975,0.18028399171217124,111311.01652809803,109699.12499999972,108087.23347190142,112180.9313999999,113716.46071340417,113716.46071340417,113716.46071340417,39.90000000000873,111.0,0.04798573120727549,0.04360360294998845,3968507.507313019,111348.0
2025-09-28 14:00:00,109369.02,110037.93,109189.99,110037.93,1349.20291,45.335333098501515,394.4699999999866,-703.8972854364984,-903.6280058223601,199.7307203858618,43.635859792470505,0.35977522051928723,110930.36341910997,109612.68549999972,108295.00758088946,112062.31879999989,113732.81987248226,113732.81987248226,113732.81987248226,60.929999999993015,337.929999999993,0.04206043318407207,0.03357181592757586,3969856.710223019,111580.77
2025-09-28 18:00:00,110037.92,110393.63,110008.54,110337.6,1215.77694,49.00095296783712,783.8300000000017,-598.090773240634,-842.5205593060149,244.42978606538088,40.981386094352274,0.7154751497826073,110670.72444772867,109562.16549999973,108453.60655227078,111951.1895999999,113749.17866217213,113749.17866217213,113749.17866217213,360.6000000000058,191.5799999999872,0.02547336553216694,0.03630684564355882,3971072.487163019,109360.0
2025-09-28 22:00:00,110337.61,112350.0,110294.78,112163.95,2723.21811,64.58682260151889,2752.75,-362.68634604169347,-746.5537166531506,383.8673706114571,40.37139115749221,2.5159672867128835,110919.63381746612,109591.32449999973,108263.01518253333,111874.73479999989,113765.53708254357,113765.53708254357,113765.53708254357,216.0500000000029,183.9499999999971,0.02813491072230554,0.028320634693508397,3973795.7052730187,108994.49
2025-09-29 02:00:00,112163.96,112310.0,111588.07,111857.51,2297.47362,61.20683557537421,2547.2999999999884,-198.56485640101891,-636.9559446027242,438.3910882017053,39.804967287550724,2.3303404137637207,111364.97142748296,109716.19999999972,108067.42857251648,111797.84499999988,113781.89513366639,113781.89513366639,113781.89513366639,62.49000000000524,122.49000000000524,0.04093211943540295,0.030104276804100806,3971498.231653019,109580.01
2025-09-29 06:00:00,111857.51,111904.34,111560.65,111865.95,1831.36016,61.266957711142645,2463.709999999992,-67.04351999991923,-522.9734596821633,455.929939682244,39.22313179487964,2.2519739998010824,111718.83360752315,109859.77299999972,108000.7123924763,111721.45139999989,113798.25281561029,113798.25281561029,113798.25281561029,54.05000000000291,114.05000000000291,0.0431793043533852,0.03071419785228494,3973329.591813019,109320.02
2025-09-29 10:00:00,111865.96,112421.99,111865.95,112100.0,2126.24195,62.98037102340992,2675.800000000003,55.434946069304715,-407.2917785318697,462.7267246011744,39.206149916745275,2.4453457279102864,112078.77818119532,109985.77249999973,107892.76681880414,111650.06319999989,113814.61012844504,113814.61012844504,113814.61012844504,180.0,120.0,0.02872829680478829,0.03085973812658977,3975455.833763019,109133.5
2025-09-29 14:00:00,112100.0,114231.56,111901.26,113815.57,5064.79852,72.56164205045252,4179.720000000001,287.6167078492581,-268.31008125564415,555.9267891049022,40.44349333947927,3.8123661192940084,112860.71934995362,110210.54999999973,107560.38065004583,111610.0551999999,113830.96707224034,113830.96707224034,113830.96707224034,568.429999999993,124.42999999999302,0.019593653093236754,0.03875721145991706,3980520.6322830194,109027.78
2025-09-29 18:00:00,113815.57,114390.93,113449.74,114265.55,2716.40525,74.43092695537187,4829.550000000003,502.14365274409647,-114.21933445569601,616.3629871997925,41.67488542024439,4.4131273072846255,113600.30041718038,110467.1524999997,107334.00458281903,111583.2971999999,113847.32364706583,113847.32364706583,113847.32364706583,118.44999999999709,265.5500000000029,0.02853542886911538,0.029887561266019012,3983237.037533019,109172.2
2025-09-29 22:00:00,114265.56,114400.0,114020.0,114311.96,1504.84055,74.62295360101675,4798.900000000009,668.200106405362,42.26455371651562,625.9355526888464,42.823230922742596,4.382034434979731,114206.92484884697,110731.36149999972,107255.79815115247,111558.90419999989,113863.67985299119,113863.67985299119,113863.67985299119,72.0399999999936,311.9600000000064,0.03454239612250745,0.02913284710158271,3984741.878083019,109643.46
2025-09-30 02:00:00,114311.97,114792.0,114040.35,114376.39,2494.38118,74.9047268022669,5007.369999999995,795.8262156111305,192.9768860954386,602.8493295156918,44.10167363725439,4.578417178831806,114730.52196154483,110991.57099999972,107252.62003845461,111536.83099999989,113880.03569008605,113880.03569008605,113880.03569008605,7.610000000000582,376.3899999999994,0.15293514465315544,0.028611012746181268,3987236.259263019,109553.77
2025-09-30 06:00:00,114376.39,114376.4,113585.0,113699.23,2326.82117,66.54209576993317,3661.300000000003,832.7304753522767,320.92760394680624,511.80287140547046,44.3609178694915,3.327307229425358,115056.75051960217,111194.35949999971,107331.96848039726,111506.16979999989,113896.39115842001,113896.39115842001,113896.39115842001,684.7700000000041,213.33000000000175,0.01918234257316055,0.03573714630042108,3984909.438093019,109411.2
2025-09-30 10:00:00,113699.24,113741.37,112656.27,113055.01,2869.29172,59.71205466764743,2717.409999999989,800.763493948878,416.8947819472206,383.8687120016574,43.01073045143519,2.4628141268252968,115235.88950686021,111369.4214999997,107502.9534931392,111474.27219999989,113912.74625806263,113912.74625806263,113912.74625806263,405.00999999999476,238.27999999999884,0.02049395165877542,0.03078510613200811,3982040.146373019,109310.21
2025-09-30 14:00:00,113055.0,113677.23,112866.11,113106.16,2840.28661,60.0625668434585,942.2100000000064,770.6729701262811,487.6504195830327,283.0225505432484,41.756984991811464,0.8400292607384063,115381.61948516262,111554.1694999997,107726.71951483678,111485.9955999999,113929.1009890835,113929.1009890835,113929.1009890835,456.1600000000035,187.1299999999901,0.02009535606473606,0.032686806197422175,3984880.432983019,109402.24
2025-09-30 18:00:00,113106.15,114563.46,112800.0,114359.99,2535.88761,67.5218483469114,2502.4800000000105,838.3358022296452,557.7874961123553,280.54830611728994,41.3541440118104,2.2372033849135553,115674.7103994116,111806.65849999971,107938.60660058782,111515.6559999999,113945.4553515521,113945.4553515521,113945.4553515521,24.00999999999476,359.99000000000524,0.06303526447944541,0.028693177499227302,3987416.320593019,109424.2
2025-09-30 22:00:00,114359.99,114754.87,113765.42,114048.93,1977.48804,64.31260152069414,2182.979999999996,856.9804051342362,617.6260779167314,239.35432721750476,41.1269575069046,1.9514248973883541,115859.36194138345,112038.99299999971,108218.62405861597,111540.32459999989,113961.80934553799,113961.80934553799,113961.80934553799,335.070000000007,48.929999999993015,0.021499771218456334,0.05275374551850608,3985438.832553019,109635.85
2025-10-01 02:00:00,114048.94,114551.76,113966.67,114176.92,2042.57116,65.04870459188646,2076.9199999999983,872.0318700294592,668.507236339277,203.5246336901822,40.91599860949208,1.852738626226591,116007.05166495555,112276.6289999997,108546.20633504384,111581.40499999988,113978.16297111059,113978.16297111059,113978.16297111059,207.08000000000175,176.91999999999825,0.024109155943180093,0.032778986714938424,3987481.4037130186,109436.0
2025-10-01 06:00:00,114176.93,114740.0,114151.0,114539.02,1996.43364,67.11529701310674,723.4499999999971,902.7721132376173,715.360211718945,187.41190151867227,40.87649913154177,0.6356335956495096,116169.33220304763,112521.7874999997,108874.24279695177,111619.16559999988,113994.51622833942,113994.51622833942,113994.51622833942,155.02000000000407,252.97999999999593,0.03380472465335536,0.02972542218050767,3989477.8373530186,109513.06
2025-10-01 10:00:00,114539.02,116795.85,114484.43,116789.58,5217.93036,76.4396706389159,2524.029999999999,1096.1001999307773,791.5082093613115,304.5919905694658,42.09237448628125,2.2089159856142127,116697.64515102771,112889.4664999997,109081.2878489717,111708.15739999987,114010.86911729384,114010.86911729384,114010.86911729384,14.410000000003492,31.589999999996508,0.13049055763426343,0.060538279611722194,3994695.7677130187,109369.02
2025-10-01 14:00:00,116789.57,117649.99,116363.38,117423.73,4518.346,78.30624999825069,3111.7699999999895,1285.6643681384448,890.3394411167382,395.3249270217067,43.57104021145324,2.7221736028320898,117248.37262524111,113284.9999999997,109321.62737475827,111794.82939999989,114027.22163804332,114027.22163804332,114027.22163804332,610.9700000000012,5.320000000006985,0.017744128314911685,0.2140320631753897,3999214.1137130186,110037.93
2025-10-01 18:00:00,117423.73,118199.0,116724.56,117439.53,3814.32316,78.35226794942497,3063.1399999999994,1420.792256413537,996.4300041760979,424.36225223743907,45.14203905012771,2.6781226440176997,117618.16101516143,113688.52549999968,109758.88998483794,111884.10019999988,114043.5737906572,114043.5737906572,114043.5737906572,610.5800000000017,10.479999999995925,0.01765070126078265,0.12216732415668367,4003028.4368730187,110337.6
2025-10-01 22:00:00,117439.53,118649.1,117163.25,118594.99,2446.79084,81.45107114631409,4895.760000000009,1602.643767097281,1117.6727567603346,484.9710103369464,46.752597179576775,4.305886680147264,118222.36337583805,114116.37849999969,110010.39362416133,111998.35619999988,114059.92557520485,114059.92557520485,114059.92557520485,544.8800000000047,19.99000000000524,0.013588901260716393,0.07603476920821871,4005475.2277130187,112163.95
2025-10-02 02:00:00,118594.99,119456.92,118368.05,118733.99,4187.34775,81.7887973718274,5678.9800000000105,1737.9445943612227,1241.7271242805123,496.2174700807104,48.494034551393796,5.023200652496529,118726.99171394583,114536.1979999997,110345.40428605357,112139.93019999989,114076.2769917556,114076.2769917556,114076.2769917556,683.8800000000047,135.9899999999907,0.012996051235380992,0.03820446782514397,4009662.575463019,111857.51
2025-10-02 06:00:00,118733.99,118930.29,118279.31,118489.76,1772.36438,79.0648525328834,5383.599999999991,1804.661144561047,1354.3139283366193,450.3472162244277,49.95891128161406,4.759776125367532,119230.0690662693,114852.48849999967,110474.90793373005,112269.74939999988,114092.62804037878,114092.62804037878,114092.62804037878,439.6499999999942,85.24000000000524,0.014216232309940948,0.03630412594157038,4007890.2110830187,111865.95
2025-10-02 10:00:00,118489.76,118926.49,118354.61,118765.73,1460.00845,79.88025948360999,4405.739999999991,1858.3807078850077,1455.127284246297,403.25342363871073,51.319153959675724,3.8525186999404104,119664.96667465332,115197.89949999968,110730.83232534604,112411.4021999999,114108.97872114362,114108.97872114362,114108.97872114362,715.6199999999953,104.25,0.012885226880891831,0.040496109234582654,4009350.219533019,112100.0
2025-10-02 14:00:00,118765.72,119910.79,118516.39,119910.78,5099.16626,82.86279507923466,5861.850000000006,1970.6335770660517,1558.228542810248,412.4050342558037,52.88786764957263,5.139767641835835,120240.11592158426,115600.14099999967,110960.16607841507,112557.9469999999,114125.32903411942,114125.32903411942,114125.32903411942,664.1600000000035,110.77999999999884,0.01151585471774157,0.03437666706367257,4014449.3857930186,113815.57
2025-10-02 18:00:00,119910.78,121022.07,119359.63,120836.49,4869.11141,84.8217328506316,6659.570000000007,2109.969430959274,1668.5767204400531,441.39271051922105,54.618805327827985,5.8326761660763005,120915.46705926172,116036.96549999967,111158.46394073762,112714.08759999991,114141.67897937541,114141.67897937541,114141.67897937541,261.5500000000029,162.22000000000116,0.012897901328194369,0.023672174181527884,4019318.4972030185,114265.55
2025-10-02 22:00:00,120836.49,120914.0,120072.46,120529.35,2282.83678,81.4932347374048,5990.330000000002,2170.589265992894,1768.9792295506213,401.61003644227276,56.22610460049367,5.229946964798549,121510.59310906389,116372.65449999968,111234.71589093548,112857.74639999989,114158.0285569808,114158.0285569808,114158.0285569808,45.58999999999651,281.5500000000029,0.031274233542242985,0.0227502415766067,4017035.6604230185,114311.96
2025-10-03 02:00:00,120529.35,120550.9,119820.0,120225.89,2268.65523,78.22699845849108,3436.3099999999977,2169.139743401087,1849.0113323207145,320.1284110803724,57.25702837495937,2.942308723089848,121973.94063424642,116670.6714999997,111367.40236575299,112993.86399999988,114174.37776700476,114174.37776700476,114174.37776700476,349.0500000000029,21.910000000003492,0.012511532847421371,0.06651146584837997,4014767.0051930184,114376.39
2025-10-03 06:00:00,120225.88,120324.53,119610.59,119640.21,2293.91523,72.2114435894085,2216.4800000000105,2096.5636246365466,1898.521790783881,198.0418338526656,57.8295839372885,1.8875912049463928,122274.84465613318,116937.08399999971,111599.32334386624,113120.52819999988,114190.72660951645,114190.72660951645,114190.72660951645,934.7299999999959,36.51999999998952,0.011447159691082932,0.057524066873152514,4012473.0899630184,113699.23
2025-10-03 10:00:00,119640.22,120515.89,119248.3,120334.5,3467.40526,74.69560693952648,2894.970000000001,2071.1944874320034,1933.0563301135055,138.13815731849786,57.70561462612726,2.4650728762283025,122632.55880641432,117234.9894999997,111837.42019358509,113276.29399999989,114207.07508458503,114207.07508458503,114207.07508458503,240.44000000000233,86.69999999999709,0.013692684775747194,0.03147771632420194,4015940.4952230183,113055.01
2025-10-03 14:00:00,120334.51,122366.0,119881.24,122258.05,4929.42106,80.02374519968714,3663.0599999999977,2181.160610848019,1982.6771862604082,198.4834245876109,58.32425775195243,3.0887139498894545,123225.94485631696,117662.9304999997,112099.91614368244,113486.1205999999,114223.42319227957,114223.42319227957,114223.42319227957,1683.1100000000006,77.11000000000058,0.008721696001861765,0.027562521202022766,4020869.9162830184,113106.16
2025-10-03 18:00:00,122258.04,123894.99,121466.25,122660.99,9447.66952,80.92960469731598,3927.0,2274.6032361927937,2041.0623962468853,233.54083994590837,59.31275045031331,3.3073932746638057,123690.65355961691,118143.22949999971,112595.80544038251,113712.38039999989,114239.77093266921,114239.77093266921,114239.77093266921,2086.050000000003,325.83000000000175,0.008398044708277218,0.018032201286778453,4030317.5858030184,114359.99
2025-10-03 22:00:00,122661.0,122734.92,121999.33,122232.0,1529.2617,76.92985199870644,3742.2400000000052,2287.670441392329,2090.3840052759742,197.2864361163547,60.2306365273627,3.158281356971271,123910.85835157716,118599.52149999971,113288.18464842226,113925.40499999991,114256.11830582297,114256.11830582297,114256.11830582297,1657.0599999999977,103.16000000000349,0.008745239912005341,0.024299667403955262,4028788.3241030183,114048.93
2025-10-04 02:00:00,122232.21,122325.6,121684.97,122243.99,1730.5772,76.96411987801463,3478.2600000000093,2272.794429039932,2126.866090028766,145.92833901116592,60.597545798137716,2.9286731113428166,124156.12687468049,118993.72149999971,113831.31612531893,114183.08479999991,114272.46531180991,114272.46531180991,114272.46531180991,1669.050000000003,91.16999999999825,0.008734355934509185,0.025568679214159503,4030518.9013030184,114176.92
2025-10-04 06:00:00,122243.99,122800.0,122219.3,122324.08,1516.17531,77.20765946595009,2413.300000000003,2241.627588261952,2149.818389675403,91.80919858654897,61.08737420005593,2.0125796863301293,124233.83509226209,119407.4789999997,114581.12290773731,114449.6765999999,114288.81195069903,114288.81195069903,114288.81195069903,1749.1399999999994,11.080000000001746,0.008663664843258308,0.10475366248741709,4032035.0766130183,114539.02
2025-10-04 10:00:00,122324.08,122539.83,121962.81,121973.26,1268.73633,73.54007954596847,1136.7699999999895,2163.677868697865,2152.5902854798956,11.087583217969495,61.136615617618645,0.9407505961154472,124102.03535248878,119797.2959999997,115492.55664751062,114697.54159999991,114305.15822255933,114305.15822255933,114305.15822255933,1398.3199999999924,361.90000000000873,0.009003116100373082,0.01765223198022154,4030766.340283018,116789.58
2025-10-04 14:00:00,121973.26,122509.52,121698.88,121791.31,1464.05666,71.63933759610606,1261.9599999999919,2063.434323527181,2134.7590930893525,-71.3247695621717,60.763838162092114,1.0470146897830102,123802.73205182308,120159.91049999969,116517.0889481763,114946.9673999999,114321.50412745976,114321.50412745976,114321.50412745976,1216.3699999999953,543.8500000000058,0.009218946733297817,0.017124722194631087,4029302.2836230183,117423.73
2025-10-04 18:00:00,121791.31,121964.95,121510.0,121959.25,1443.23464,72.34970911576521,1733.3600000000006,1974.7779354472732,2102.7628615609365,-127.98492611366328,60.11527324096016,1.441752687378739,123791.61100617479,120418.3939999997,117045.1769938246,115203.4823999999,114337.84966546929,114337.84966546929,114337.84966546929,1384.3099999999977,375.9100000000035,0.009018550209411006,0.01757348732682191,4030745.518263018,117439.53
2025-10-04 22:00:00,121959.25,122410.0,121871.01,122391.0,785.38664,74.14284341283825,2750.7899999999936,1917.2548059208784,2065.661250432925,-148.40644451204662,59.73550238074853,2.2992186322641883,123847.40014730967,120666.75749999969,117486.1148526897,115470.7467999999,114354.1948366568,114354.1948366568,114354.1948366568,1816.0599999999977,55.83999999999651,0.008607086894343247,0.03249750075509261,4031530.9049030184,118594.99
2025-10-05 02:00:00,122390.99,124362.28,122136.0,123776.22,4212.02615,78.87608449176564,3441.720000000001,1960.8396496717469,2044.6969302806895,-83.85728060894257,60.13655151186342,2.8601273948867467,124076.4391007676,120983.59199999971,117890.74489923182,115762.8271999999,114370.53964109122,114370.53964109122,114370.53964109122,3201.279999999999,118.77000000000407,0.007738548061501326,0.023101240485594515,4035742.931053018,118733.99
2025-10-05 06:00:00,123776.23,125708.42,123734.0,124713.63,7342.549203,81.36243596186526,2455.5800000000017,2047.420713582862,2045.241686941124,2.1790266417378916,60.87459197651127,2.00852213821503,124580.8578371633,121289.5239999997,117998.1901628361,116064.2305999999,114386.88407884138,114386.88407884138,114386.88407884138,4138.690000000002,239.63000000000466,0.007325435391531559,0.0172380749956765,4043085.480256018,118489.76
2025-10-05 10:00:00,124713.63,124838.37,122520.24,123464.64,4455.30964,69.60662166364807,803.6499999999942,1992.2879207658407,2034.6509337060675,-42.36301294022678,60.03233051953924,0.6551797763901801,124727.48790658981,121526.05649999969,118324.62509340956,116342.4479999999,114403.22814997614,114403.22814997614,114403.22814997614,2889.699999999997,246.63999999999942,0.007899090809257747,0.019211773390653806,4038630.170616018,118765.73
2025-10-05 14:00:00,123464.64,123464.65,122675.0,122803.17,2233.09004,64.30724766028885,571.1699999999983,1873.621739262293,2002.4450948173126,-128.8233555550196,59.250230595208066,0.46728352640879045,124664.99443285649,121741.7269999997,118818.4595671429,116610.28739999988,114419.57185456433,114419.57185456433,114419.57185456433,2228.229999999996,414.83000000000175,0.008298201658333223,0.017675525480124885,4036397.080576018,119910.78
2025-10-05 18:00:00,122803.17,123464.0,122301.63,122591.79,2386.1605,62.66537274751308,347.79999999998836,1742.4356228220568,1950.4432004182613,-208.00757759620456,58.06780250899127,0.28451296460463293,124535.39717715663,121933.02999999971,119330.66282284279,116875.91899999989,114435.91519267473,114435.91519267473,114435.91519267473,2016.8499999999913,256.6299999999901,0.008448998592431632,0.01869971763168355,4034010.9200760177,120836.49
2025-10-05 22:00:00,122591.8,123548.83,122473.62,123482.31,1413.96202,66.54112450875273,1158.229999999996,1690.836293727043,1898.5218190800176,-207.68552535297454,57.012292542565305,0.946853636667444,124622.96297619135,122111.60649999972,119600.25002380808,117157.52039999988,114452.25816437611,114452.25816437611,114452.25816437611,2907.3699999999953,264.3099999999977,0.007889593100878828,0.019031348482375088,4035424.8820960177,120529.35
2025-10-06 02:00:00,123482.32,124358.46,123084.0,123839.09,3025.28443,67.97551625521594,1865.8300000000017,1659.6017618864862,1850.7378076413113,-191.1360457548251,56.4224454806177,1.5297041335125439,124808.97239676616,122261.7364999997,119714.50060323323,117445.81819999988,114468.60076973723,114468.60076973723,114468.60076973723,3264.149999999994,55.90000000000873,0.007707803074904358,0.03246952423860094,4038450.1665260177,120225.89
2025-10-06 06:00:00,123839.09,124165.56,123280.49,123390.47,2210.62835,64.24589579219419,1599.1600000000035,1580.4300715625432,1796.6762604255578,-216.2461888630146,55.87473035166635,1.3130329249270822,124866.72789780244,122404.7924999997,119942.85710219697,117720.91059999987,114484.9430088268,114484.9430088268,114484.9430088268,2815.529999999999,172.47000000000116,0.007939520420504225,0.02066464247206988,4036239.538176018,119640.21
2025-10-06 10:00:00,123390.47,124531.66,123390.46,124215.0,2768.21181,67.74837990446454,2255.75,1566.164843285238,1750.573976997494,-184.40913371225588,55.5421899861493,1.849593204287503,124972.33645585141,122604.2479999997,120236.15954414799,118016.49059999987,114501.28488171351,114501.28488171351,114501.28488171351,3640.0599999999977,259.0,0.007533897735745089,0.019144592791867778,4039007.7499860176,120334.5
2025-10-06 14:00:00,124215.0,125408.29,124178.0,125000.0,4567.6948,70.6920158567554,2609.0,1599.7614326031908,1720.4114681186334,-120.6500355154426,55.61786965601829,2.1316926898219624,125042.81132328075,122872.2374999997,120701.66367671864,118326.22939999988,114517.62638846604,114517.62638846604,114517.62638846604,4425.059999999998,526.0,0.0072151798359024934,0.014872304376240288,4043575.4447860178,122258.05
2025-10-06 18:00:00,125000.0,126199.63,124800.0,125410.81,4722.172353,72.12582271813768,1634.5899999999965,1640.6238153155136,1704.4539375580093,-63.83012224249569,55.98844787577284,1.3206010007414948,125236.63330738552,123126.0529999997,121015.47269261387,118647.06519999988,114533.96752915306,114533.96752915306,114533.96752915306,4835.869999999995,297.6100000000006,0.007067150313042253,0.015769402168288427,4048297.6171390177,122660.99
2025-10-06 22:00:00,125410.8,125534.0,124511.15,124658.54,2200.63705,65.779626057787,-55.09000000001106,1593.9317924796924,1682.349508542346,-88.41771606265365,55.91119597551581,-0.044173199032060406,125417.69973946492,123246.07749999971,121074.4552605345,118939.47739999989,114550.30830384317,114550.30830384317,114550.30830384317,4083.5999999999913,184.5399999999936,0.007347384402970053,0.01856926374189963,4046096.9800890177,122232.0
2025-10-07 02:00:00,124658.54,125082.27,124101.26,124329.74,1773.60979,63.1636560785523,865.1000000000058,1512.9561986056942,1648.4708465550157,-135.51464794932144,55.25209045693091,0.7006864475529229,125532.80692154913,123329.51499999971,121126.22307845029,119219.3201999999,114566.64871260498,114566.64871260498,114566.64871260498,3754.800000000003,144.25999999999476,0.007483871630796754,0.021251814954724876,4044323.3702990175,122243.99
2025-10-07 06:00:00,124329.74,124654.47,123567.6,123667.99,2455.2259,58.151239517235,864.820000000007,1379.4829418826994,1594.6732656205525,-215.19032373785308,53.91424606248338,0.7042326350370276,125549.77437833842,123401.31449999972,121252.85462166101,119449.4009999999,114582.98875550706,114582.98875550706,114582.98875550706,3093.050000000003,227.0,0.007792715593371817,0.01944135114550671,4041868.1443990176,122324.08
2025-10-07 10:00:00,123668.0,124509.6,123322.9,124453.38,2444.73415,62.00498168406706,1861.590000000011,1321.84146790448,1540.106906077338,-218.265438172858,52.34941325614382,1.5185274641964286,125637.94348854128,123511.78399999971,121385.62451145814,119701.3183999999,114599.32843261797,114599.32843261797,114599.32843261797,3878.4400000000023,20.619999999995343,0.007431399487444703,0.06217952806099776,4044312.8785490175,121973.26
2025-10-07 14:00:00,124453.37,125126.0,121172.89,121846.01,7360.01455,46.64722322921935,-1636.300000000003,1053.6217208514136,1442.809869032153,-389.1881481807395,48.64873967182247,-1.3251290812424932,125676.73890267716,123487.8804999997,121299.02209732223,119900.91959999989,114615.66774400623,114615.66774400623,114615.66774400623,1271.0699999999924,489.15000000000873,0.009150282218718274,0.017191125315138753,4036952.8639990175,121791.31
2025-10-07 18:00:00,121846.01,122084.14,120574.94,121637.17,5726.896,45.67146571968096,-2201.9199999999983,814.811358107836,1317.2101668472897,-502.39880873945367,45.61380669384903,-1.7780492411564097,125710.75954042496,123471.0759999997,121231.39245957443,120091.6629999999,114632.00668974036,114632.00668974036,114632.00668974036,1062.229999999996,638.4599999999919,0.0094347836892765,0.01722910763998049,4031225.9679990173,121959.25
2025-10-07 22:00:00,121637.18,122292.62,121258.08,121332.95,1873.51346,44.22036619032471,-2057.520000000004,594.155360424309,1172.5992055626934,-578.4438451383844,42.61055857784315,-1.6674869623237498,125764.20532632225,123448.1579999997,121132.11067367716,120242.01059999989,114648.34526988883,114648.34526988883,114648.34526988883,758.0099999999948,334.2399999999907,0.010016238382713033,0.01883405339627838,4029352.4545390173,122391.0
2025-10-08 02:00:00,121332.96,122229.66,121200.0,121374.75,2406.76826,44.48138037799745,-2840.25,417.8402014366584,1021.6474047374865,-603.8072033008281,39.87190483112271,-2.2865595942519024,125822.4915192939,123418.9329999997,121015.3744807055,120384.1945999999,114664.6834845201,114664.6834845201,114664.6834845201,799.8099999999977,376.0399999999936,0.009918198827263879,0.01844172363093061,4031759.222799017,123776.22
2025-10-08 06:00:00,121374.76,121910.24,121066.14,121597.06,2670.85944,45.9305129086192,-3402.9400000000023,292.6739634669939,875.8527164833879,-583.178753016394,37.45007079921133,-2.7223520000000057,125873.89131558035,123379.23599999971,120884.58068441908,120529.89659999989,114681.02133370258,114681.02133370258,114681.02133370258,1022.1199999999953,598.3499999999913,0.009497543158849719,0.017320582744645402,4034430.082239017,124713.63
2025-10-08 10:00:00,121597.05,123200.0,121524.01,122884.14,3408.74044,53.49830895327348,-2526.6699999999983,293.94697971905407,759.4715691305212,-465.5245894114671,35.52473929531375,-2.014714680496843,125831.20000966599,123334.6319999997,120838.06399033342,120700.05159999989,114697.35881750472,114697.35881750472,114697.35881750472,2309.199999999997,333.8600000000006,0.008243972651407194,0.017948647572003245,4037838.8226790167,123464.64
2025-10-08 14:00:00,122884.14,123350.0,121649.68,122189.72,3373.3683,49.47482050685765,-2468.8199999999924,236.1992063584912,654.8170965761152,-418.617890217624,33.8589487829588,-1.980465999361125,125668.31214944608,123208.43649999972,120748.56085055336,120869.86139999988,114713.69593599487,114713.69593599487,114713.69593599487,1614.7799999999988,145.44000000000233,0.008784288179209187,0.021507185357006516,4034465.4543790165,122803.17
2025-10-08 18:00:00,122189.72,124197.25,122110.08,123450.0,3795.53021,55.94982207864203,-879.7400000000052,288.79865222860826,581.6134077066138,-292.8147554780055,32.96445757175285,-0.7075861334544742,125667.28344885961,123207.70449999972,120748.12555113982,121077.76119999988,114730.03268924139,114730.03268924139,114730.03268924139,2875.0599999999977,232.0,0.007906998411995192,0.01939947777155169,4038260.9845890165,122591.79
2025-10-08 22:00:00,123450.01,123737.0,122794.4,123306.0,1357.35135,55.08123017776758,-361.99000000000524,315.2307120729529,528.3368685798816,-213.10615650692876,32.13385858991876,-0.2927111534682503,125685.64093523505,123232.84599999971,120780.05106476438,121281.75799999987,114746.36907731263,114746.36907731263,114746.36907731263,2731.0599999999977,88.0,0.007986720369706827,0.026030049197956793,4036903.6332390164,123482.31
2025-10-09 02:00:00,123306.01,123348.32,121475.98,122038.01,2319.17839,48.01295397221414,-2415.37000000001,231.1970186510298,468.9088985941113,-237.7118799430815,29.99275883679875,-1.94078296628023,125698.44244811639,123205.1569999997,120711.87155188301,121435.31839999987,114762.70510027689,114762.70510027689,114762.70510027689,1463.0699999999924,297.15000000000873,0.008933970158308845,0.018154642070883003,4034584.4548490164,123839.09
2025-10-09 06:00:00,122038.01,122264.0,121724.71,121906.1,1451.1479,47.33247351589059,60.09000000001106,152.20119595692086,405.5673580666732,-253.36616210975234,28.00459478033017,0.049316346099481656,125678.55632815104,123126.34649999971,120574.13667184838,121592.46179999987,114779.04075820246,114779.04075820246,114779.04075820246,1331.1600000000035,429.0599999999977,0.009078763874716128,0.017344949059219083,4033133.306949016,123390.47
2025-10-09 10:00:00,121906.09,122833.02,121145.49,122737.57,2689.44106,51.95480160757494,1100.4000000000087,154.90348648480722,355.4345837503,-200.5310972654928,26.39393268538185,0.9046576798851902,125607.06826753571,123071.27049999971,120535.4727324637,121763.67479999988,114795.37605115761,114795.37605115761,114795.37605115761,2162.6300000000047,402.4100000000035,0.008343499381391848,0.01770612729763514,4035822.7480090163,124215.0
2025-10-09 14:00:00,122737.56,123762.94,120673.99,121147.14,6566.062,44.00009574033808,-185.80999999999767,28.38347494415939,290.0243619890719,-261.6408870449125,24.978818646419487,-0.15314059371340782,125623.69083382786,122959.1039999997,120294.51716617154,121895.83719999988,114811.71097921059,114811.71097921059,114811.71097921059,572.1999999999971,148.42999999999302,0.010578695645235852,0.022974666876886613,4029256.6860090164,125000.0
2025-10-09 18:00:00,121147.15,121481.9,119651.47,120951.72,6174.05969,43.12635946538783,-423.02999999999884,-86.65440845600097,214.68860790005732,-301.3430163560583,23.630976549719595,-0.3485321287994392,125531.62934338882,122795.93999999971,120060.2506566106,121979.07999999987,114828.0455424296,114828.0455424296,114828.0455424296,376.77999999999884,46.99000000000524,0.011635238710015107,0.038199089767330156,4023082.6263190163,125410.81
2025-10-09 22:00:00,120951.72,121900.0,120838.0,121662.4,2359.47103,47.2303006945823,65.33999999999651,-119.10386800362903,147.93011271932005,-267.0339807229491,22.001797197348107,0.0537348518130365,125209.37140282287,122629.0599999997,120048.74859717654,122063.85339999986,114844.37974088281,114844.37974088281,114844.37974088281,1087.4599999999919,663.6899999999878,0.009396853535063275,0.01718515981437502,4025442.0973490165,124658.54
2025-10-10 02:00:00,121662.41,121874.13,120900.0,121026.01,2094.68145,44.15753885843212,-1858.1300000000047,-193.93607855515438,79.55687446442516,-273.49295301957955,20.48898779871744,-1.5120991203584122,124740.5000452139,122409.81999999969,120079.13995478547,122135.58299999985,114860.71357463843,114860.71357463843,114860.71357463843,451.06999999999243,27.29999999998836,0.011139879315456498,0.05324042954322469,4023347.4158990164,124329.74
2025-10-10 06:00:00,121026.0,121754.34,120855.41,120932.05,2566.54979,43.70542493532075,-1257.6699999999983,-257.85059020030894,12.075381531478342,-269.9259717317873,19.12762375138446,-1.0292764399492893,124395.73275749841,122223.49549999968,120051.25824250096,122182.32419999986,114877.04704376459,114877.04704376459,114877.04704376459,357.1100000000006,66.66000000000349,0.011797100608600746,0.03201018898401814,4020780.8661090164,123667.99
2025-10-10 10:00:00,120932.05,121777.07,120916.44,121554.55,1553.83694,47.537820935996756,-1895.449999999997,-255.32947436445102,-41.40558964770753,-213.9238847167435,17.83922234841649,-1.5353989469420792,124045.30794338166,122084.73599999966,120124.16405661765,122238.73539999984,114893.38014832938,114893.38014832938,114893.38014832938,979.6100000000006,555.8399999999965,0.009567687388701947,0.017447912449911958,4022334.703049016,124453.38
2025-10-10 14:00:00,121554.55,122550.0,118500.0,119018.98,7767.59253,36.606299824705935,-4287.020000000004,-452.7121958678181,-123.66691089172964,-329.04528497608845,18.601772164832305,-3.4767326812969346,124089.72661207293,121852.28549999965,119614.84438792637,122249.31979999985,114909.71288840094,114909.71288840094,114909.71288840094,968.8699999999953,96.52999999999884,0.012205308095310879,0.03957965417992534,4014567.110519016,121846.01
2025-10-10 18:00:00,119018.99,119456.28,115952.47,116661.5,8454.54427,29.755187160082876,-5376.509999999995,-790.2587475200999,-256.9852782174037,-533.2734693026962,20.53238873885858,-4.4056028117797075,124366.95062970351,121462.69149999965,118558.43237029579,122207.23519999985,114926.04526404731,114926.04526404731,114926.04526404731,142.49000000000524,4.130000000004657,0.03446853018232869,0.2726174146412808,4006112.566249016,121637.17
2025-10-10 22:00:00,116661.5,117214.64,102000.0,112774.5,41734.73429,22.333363665922747,-9131.600000000006,-1355.7865729169716,-476.74553715731724,-879.0410357596544,24.59867500508678,-7.490683403045462,125771.39968005319,121009.11599999966,116246.83231994613,122064.50959999984,114942.37727533656,114942.37727533656,114942.37727533656,124.5,199.22999999999593,0.027465568144169495,0.029054369049113894,3964377.831959016,121332.95
2025-10-11 02:00:00,112774.49,113322.39,111019.43,112300.01,11533.52669,21.624296888431488,-10437.560000000012,-1821.2644238926732,-745.6493145043885,-1075.6151093882847,28.374512252298675,-8.503965004358493,126616.65800157409,120542.25799999965,114467.85799842521,121893.77999999984,114958.70892233671,114958.70892233671,114958.70892233671,79.99000000000524,275.2600000000093,0.03468607307719839,0.027371851611342805,3952844.305269016,121374.75
2025-10-11 06:00:00,112300.0,112991.16,110090.29,110384.61,7142.76272,19.001641535671627,-10762.529999999999,-2317.995339342102,-1060.1185194719312,-1257.8768198701707,31.95029226102159,-8.88384983747862,127492.18704391322,119994.84099999964,112497.49495608606,121690.88519999984,114975.04020511574,114975.04020511574,114975.04020511574,382.0500000000029,144.56999999999243,0.025298229080809417,0.03965140777342159,3945701.542549016,121597.06
2025-10-11 10:00:00,110384.6,112359.67,110162.23,112280.0,5929.13992,28.272287453987555,-8671.720000000001,-2529.556878918229,-1354.0061913611908,-1175.5506875570381,35.270659411978585,-7.169571462067681,127719.71091649302,119540.10349999965,111360.49608350628,121531.96739999985,114991.37112374164,114991.37112374164,114991.37112374164,100.0,295.2700000000041,0.03225586685729012,0.02730170277273721,3951630.682469016,122884.14
2025-10-11 14:00:00,112280.01,112500.0,111793.2,111793.2,3681.24351,27.404734402044383,-9869.199999999997,-2705.316411305015,-1624.2682353499556,-1081.0481759550596,38.258008440123625,-8.111955706939856,127830.6570250992,119049.91049999965,110269.1639749001,121375.02719999985,115007.70167828236,115007.70167828236,115007.70167828236,108.41000000000349,186.8000000000029,0.03616292403274201,0.027276821357342475,3947949.438959016,122189.72
2025-10-11 18:00:00,111793.21,112185.53,110865.82,111178.31,3138.91159,26.306658586603582,-9847.699999999997,-2861.240986123099,-1871.6627855045842,-989.5782006185148,41.11509684408401,-8.136845955675142,127694.104396962,118464.61899999964,109235.13360303729,121191.90339999985,115024.03186880583,115024.03186880583,115024.03186880583,135.64999999999418,460.3099999999977,0.029409669884532134,0.02573271906301012,3944810.527369016,123450.0
2025-10-11 22:00:00,111178.3,111368.29,109561.59,110644.4,4022.93209,25.356594370486143,-10287.650000000009,-2993.388490768353,-2096.007926557338,-897.3805642110151,43.87906548715004,-8.50696734240427,127546.87400796266,117887.35299999962,108227.83199203659,120959.63039999986,115040.36169537996,115040.36169537996,115040.36169537996,122.26000000000931,73.60000000000582,0.030171790676209814,0.05239525159090462,3940787.595279016,123306.0
2025-10-12 02:00:00,110644.4,111368.14,109565.06,110676.0,4785.58424,25.52802320209912,-10878.550000000003,-3060.28937343038,-2288.8642159319465,-771.4251574984332,46.44560779856848,-8.94952101751847,127040.8289293875,117248.65299999963,107456.47707061176,120719.93059999986,115056.69115807263,115056.69115807263,115056.69115807263,90.66000000000349,42.0,0.03313487935403507,0.058729144116384975,3945573.1795190163,122038.01
2025-10-12 06:00:00,110676.0,112125.51,110617.1,111525.2,2731.29761,30.16938949912646,-7493.779999999999,-3010.0870521720644,-2433.10878317997,-576.9782689920944,48.239204455983895,-6.296289885865258,126340.1155313064,116659.61299999963,106979.11046869287,120505.79459999986,115073.0202569517,115073.0202569517,115073.0202569517,159.5899999999965,454.8000000000029,0.028418591775788624,0.024546212115422895,3948304.477129016,121906.1
2025-10-12 10:00:00,111525.19,112133.33,111139.87,111848.36,2810.82095,31.908542888841794,-4813.139999999999,-2910.672617543227,-2528.6215500526214,-382.0510674906054,49.89843497708239,-4.125731282385359,125716.63664464177,116150.13049999965,106583.62435535753,120297.88199999987,115089.34899208498,115089.34899208498,115089.34899208498,71.63999999999942,131.63999999999942,0.03919416704064456,0.02953151453284003,3951115.298079016,122737.57
2025-10-12 14:00:00,111848.35,113745.84,111177.75,113198.2,9020.41664,38.76842790142275,423.6999999999971,-2691.934213004468,-2561.2840826429906,-130.6501303614773,50.19270754047596,0.37570550080026077,124981.68248105842,115714.73549999965,106447.78851894087,120115.36439999986,115105.67736354031,115105.67736354031,115105.67736354031,548.1999999999971,95.08999999999651,0.019575441562844933,0.04041531703836462,3960135.714719016,121147.14
2025-10-12 18:00:00,113198.2,114700.0,113198.2,114342.28,6635.34892,43.924904090668804,2042.270000000004,-2398.615016137861,-2528.7502693419647,130.13525320410372,49.79596128243152,1.8185839876594834,123994.63670305585,115294.97099999964,106595.30529694344,119962.74479999987,115122.00537138544,115122.00537138544,115122.00537138544,41.720000000001164,342.27999999999884,0.04507276164817764,0.02881959974991594,3966771.063639016,120951.72
2025-10-12 22:00:00,114342.28,115770.0,114217.75,114958.8,6271.83436,46.5376725675363,4574.190000000002,-2092.2908018846792,-2441.4583758505078,349.1675739658285,48.719753781487604,4.143865707366268,123260.47113630523,114985.55399999963,106710.63686369402,119826.09459999988,115138.33301568819,115138.33301568819,115138.33301568819,141.1999999999971,137.04000000000815,0.03281736186648259,0.034160617039264145,3973042.897999016,121662.4
2025-10-13 02:00:00,114958.81,115963.81,114619.45,114821.12,4123.60858,46.02196391140443,2541.1199999999953,-1839.432448246036,-2321.0531903296132,481.62074208357717,47.59350689494742,2.263199144994643,122488.2999849605,114679.02399999963,106869.74801503876,119683.33199999988,115154.66029651623,115154.66029651623,115154.66029651623,97.95999999999185,0.6399999999994179,0.041169007320166574,1.5937970180449939,3968919.289419016,121026.01
2025-10-13 06:00:00,114821.13,115554.83,114398.24,115399.67,3437.01313,48.59959649913647,3606.470000000001,-1574.2097216260736,-2171.6844965889054,597.4747749628318,46.624099103011886,3.2260191138638206,121503.31922287671,114365.88749999963,107228.45577712255,119543.50539999988,115170.98721393732,115170.98721393732,115170.98721393732,299.66999999999825,320.33000000000175,0.026554281865377435,0.026203345582831918,3972356.3025490157,120932.05
2025-10-13 10:00:00,115399.66,115438.17,113616.5,114180.0,4560.86246,43.84602245185821,3001.6900000000023,-1445.7700387001532,-2026.5016050111549,580.7315663110016,45.993656681991716,2.6998881346550485,120474.14647643725,114023.58699999964,107573.02752356202,119351.58099999989,115187.31376801913,115187.31376801913,115187.31376801913,204.0,180.0,0.024205621566654,0.03262879774795441,3967795.4400890158,121554.55
2025-10-13 14:00:00,114180.0,115530.0,113800.01,114312.1,5538.12887,44.47943496182529,3667.7000000000116,-1318.1267539154505,-1884.826634792014,566.6998808765634,45.337494905019845,3.3148537115299304,119317.77891234607,113692.58949999965,108067.40008765324,119143.55039999988,115203.63995882934,115203.63995882934,115203.63995882934,71.89999999999418,312.1000000000058,0.034571328310280876,0.029131101596622754,3973333.568959016,119018.98
2025-10-13 18:00:00,114312.09,115891.3,114215.79,115792.84,3368.92301,51.13337835717545,5116.8399999999965,-1084.9782344526175,-1724.8569547241345,639.8787202715171,44.43937502210739,4.623260688857567,117857.69485099216,113404.50399999965,108951.31314900714,118990.11439999989,115219.9657864356,115219.9657864356,115219.9657864356,3.389999999999418,72.83999999999651,0.33224439230792696,0.039866414130675355,3976702.491969016,116661.5
2025-10-13 22:00:00,115792.84,115868.0,115005.44,115166.0,1528.70428,48.484333967871585,3640.800000000003,-939.9519216603512,-1567.875948111378,627.9240264510267,43.605406559402965,3.2645536614146486,116953.31991193464,113211.85499999966,109470.39008806468,118837.37099999988,115236.2912509055,115236.2912509055,115236.2912509055,66.0,344.24000000000524,0.037563045592845165,0.02676696575593385,3975173.7876890157,112774.5
2025-10-14 02:00:00,115166.0,115409.96,113279.76,113500.0,3456.84461,42.22337733853924,1651.6399999999994,-948.515899710168,-1444.003938431136,495.488038720968,43.50668860532791,1.4766778878116726,116450.13160838134,113053.77999999965,109657.42839161796,118655.53519999988,115252.61635230666,115252.61635230666,115252.61635230666,850.0,14.10000000000582,0.018942687628387727,0.10659292674297813,3971716.9430790157,112300.01
2025-10-14 06:00:00,113500.0,113691.0,111355.01,111724.41,6286.29915,36.77306416322593,-1473.7899999999936,-1086.0587782425282,-1372.4149063934144,286.3561281508862,44.01161536006856,-1.3019553314451926,116445.40424517778,113001.27549999967,109557.14675482156,118420.3771999999,115268.94109070665,115268.94109070665,115268.94109070665,39.620000000009895,255.5899999999965,0.04940227056226312,0.025869108850929964,3965430.643929016,110384.61
2025-10-14 10:00:00,111724.41,112140.0,110012.24,111313.98,5281.83478,35.628226817383656,-3028.300000000003,-1214.184409249443,-1340.7688069646201,126.58439771517715,44.82633608509948,-2.648451648856398,116462.43534038201,112951.97399999967,109441.51265961732,118169.87499999991,115285.265466173,115285.265466173,115285.265466173,271.31999999999243,595.9799999999959,0.026048332017645042,0.024843909029837036,3960148.8091490157,112280.0
2025-10-14 14:00:00,111313.98,112943.82,109866.0,112900.43,7186.98731,43.01336997898121,-2058.37000000001,-1174.176463066833,-1307.4503381850627,133.27387511822963,44.9233786199513,-1.7905284327950577,116385.68052108814,113077.7649999997,109769.84947891124,117960.0741999999,115301.58947877328,115301.58947877328,115301.58947877328,250.42999999999302,325.15999999998894,0.02259600942010186,0.02841947449118932,3967335.796459016,111793.2
2025-10-14 18:00:00,112900.44,113544.53,111692.31,112613.7,7436.01163,42.07384765180656,-2207.4199999999983,-1152.3233261651767,-1276.4249357810854,124.10160961590873,44.537042857928995,-1.9224860374119301,116389.44271676787,113094.44999999969,109799.45728323152,117728.0481999999,115317.91312857495,115317.91312857495,115317.91312857495,36.30000000000291,38.429999999993015,0.04917241389010025,0.049236805574070154,3959899.784829016,111178.31
2025-10-14 22:00:00,112613.69,113577.0,112230.46,113028.14,2222.35226,43.9785672952385,-2371.529999999999,-1089.009292112125,-1238.9418070472934,149.93251493516846,44.151903857328804,-2.0550578697495436,116397.17761182819,113156.1969999997,109915.2163881712,117488.6109999999,115334.23641564549,115334.23641564549,115334.23641564549,378.1399999999994,265.1499999999942,0.020745450558090284,0.030082998637529706,3962122.137089016,110644.4
2025-10-15 02:00:00,113028.13,113612.35,111825.93,112024.29,3526.54912,40.50440224091323,-2155.7100000000064,-1107.0731196533452,-1212.5680695685037,105.49494991515849,43.94346583448613,-1.8879926431949579,116356.1270422545,113198.4959999997,110040.86495774488,117220.88059999992,115350.55934005238,115350.55934005238,115350.55934005238,104.2899999999936,44.2899999999936,0.03247148816621662,0.04480992321671221,3958595.587969016,110676.0
2025-10-15 06:00:00,112024.3,112680.0,111746.76,112584.5,3442.20374,43.20100360237076,-1727.6000000000058,-1063.9203563918563,-1182.8385269331743,118.91817054131798,43.780062907924744,-1.511301078363536,116245.70622355219,113295.5009999997,110345.29577644721,116979.39979999991,115366.88190186302,115366.88190186302,115366.88190186302,65.5,9.229999999995925,0.03761708331828459,0.13137506376594668,3962037.7917090156,111525.2
2025-10-15 10:00:00,112584.49,113520.88,111693.26,111905.73,3699.08334,40.788719501490064,-3887.1100000000006,-1072.1336574674351,-1160.6975530400264,88.56389557259126,42.86023250269217,-3.356951949706044,116132.32965746899,113356.9874999997,110581.6453425304,116730.91959999992,115383.20410114483,115383.20410114483,115383.20410114483,14.270000000004075,74.27000000000407,0.09383015671331942,0.0354490534977524,3958338.7083690157,111848.36
2025-10-15 14:00:00,111905.72,112238.41,110400.0,110798.01,6590.50038,37.14360854126722,-4367.990000000005,-1154.715660789123,-1159.5011745898457,4.785513800722811,42.55735208111815,-3.792777382213508,116207.81003758652,113320.62799999968,110433.44596241284,116473.5199999999,115399.52593796521,115399.52593796521,115399.52593796521,31.34999999999127,80.00999999999476,0.055089256039307616,0.04083269849499372,3951748.2079890156,113198.2
2025-10-15 18:00:00,110798.01,111557.7,110164.0,111271.73,3317.74779,39.628344107949125,-2228.270000000004,-1168.4678780834365,-1161.2945152885638,-7.1733627948726735,42.370271761098266,-1.9632334801762186,116247.90493622255,113291.79649999968,110335.6880637768,116209.88699999992,115415.84741239151,115415.84741239151,115415.84741239151,229.06999999999243,553.7299999999959,0.026518074964727453,0.025054585479353596,3955065.9557790156,114342.28
2025-10-15 22:00:00,111271.73,111556.27,110500.0,110763.28,2410.40374,37.896758336893576,-961.1300000000047,-1206.4866480082273,-1170.3329418324965,-36.153706175730804,42.19655432107981,-0.8602685840990332,116325.3976773868,113170.05049999966,110014.70332261252,115988.23239999992,115432.16852449103,115432.16852449103,115432.16852449103,3.3800000000046566,45.279999999998836,0.3177333217903954,0.05161692473583173,3952655.5520390156,114958.8
2025-10-16 02:00:00,110763.28,111867.17,110361.0,111329.48,2715.42468,40.98902656618482,15.5,-1177.357346405057,-1171.7378227470085,-5.619523658048365,41.71766206271361,0.013924576230217589,116223.80774821903,113019.41049999968,109815.01325178033,115782.07859999994,115448.48927433114,115448.48927433114,115448.48927433114,286.81999999999243,611.4799999999959,0.025954529759893458,0.024779797820651022,3955370.9767190157,114821.12
2025-10-16 06:00:00,111329.48,111773.7,110553.19,110584.2,3097.1426,38.286657698289794,-2316.229999999996,-1200.5706018851342,-1177.5043785746336,-23.066223310500618,41.2729763942307,-2.0515688027051726,116042.68515485422,112800.6804999997,109558.67584514518,115567.10359999994,115464.8096619791,115464.8096619791,115464.8096619791,182.4600000000064,54.029999999998836,0.027387993473710067,0.06578823735912905,3952273.834119016,115399.67
2025-10-16 10:00:00,110584.21,111728.7,109635.15,111404.72,5282.11808,42.76094500006716,-1208.979999999996,-1139.6213222540246,-1169.9277673105119,30.30644505648729,41.31221004160279,-1.073563873667227,115786.94495901997,112629.86049999969,109472.77604097941,115367.70299999994,115481.12968750218,115481.12968750218,115481.12968750218,280.06999999999243,575.2799999999988,0.026016005836205728,0.024563305476664778,3957555.9521990158,114180.0
2025-10-16 14:00:00,111404.73,111982.45,108361.69,108549.21,8252.81169,33.624457188476526,-4478.929999999993,-1306.6718715771858,-1197.2765881638466,-109.39528341333926,41.87993104189063,-3.9626680577066864,115647.97241421258,112287.3374999997,108926.70258578683,115106.74599999994,115497.44935096762,115497.44935096762,115497.44935096762,70.86000000000058,196.2100000000064,0.04395413750674797,0.03732111110750401,3949303.140509016,114312.1
2025-10-16 18:00:00,108549.21,109254.0,107577.57,108197.66,8255.26892,32.69817440717238,-3826.62999999999,-1450.7049586927315,-1247.9622622696236,-202.74269642310787,42.69034622597484,-3.415893106753898,115671.24116935526,111988.2204999997,108305.19983064415,114813.01639999995,115513.76865244265,115513.76865244265,115513.76865244265,397.65000000000873,74.7899999999936,0.02802485531424817,0.04470010914719041,3941047.8715890157,115792.84
2025-10-16 22:00:00,108197.67,108500.0,107427.0,108194.28,2254.40655,32.68885040774883,-4390.220000000001,-1547.2887738551362,-1307.827564586726,-239.46120926841013,43.49601199394505,-3.8994888283911178,115553.90253337933,111682.32949999969,107810.75646662005,114533.10759999996,115530.08759199445,115530.08759199445,115530.08759199445,394.2700000000041,78.16999999999825,0.02803048375299704,0.0439739373783253,3938793.4650390157,115166.0
2025-10-17 02:00:00,108194.27,109240.0,107934.4,109176.74,2417.89309,38.20475389695142,-2728.9899999999907,-1526.954056117931,-1351.652862892967,-175.30119322496398,43.39023269159677,-2.438650817969723,114876.81688433466,111351.52449999971,107826.23211566475,114247.64239999997,115546.40616969019,115546.40616969019,115546.40616969019,152.3799999999901,224.36000000000058,0.029736526928698177,0.03672439921162833,3941211.3581290157,113500.0
2025-10-17 06:00:00,109176.74,109236.01,105542.09,105633.75,8020.07533,28.98140206633387,-5164.259999999995,-1776.2527922939917,-1436.572848773172,-339.67994352081973,44.17335154383867,-4.660968188869097,114766.90286239625,110874.9119999997,106982.92113760316,113894.19739999996,115562.72438559706,115562.72438559706,115562.72438559706,469.6100000000006,133.75,0.025128506867884967,0.042753647982381376,3933191.2827990158,111724.41
2025-10-17 10:00:00,105633.75,106651.22,103528.23,105683.72,13908.33322,29.240866587075725,-5588.009999999995,-1947.343907049668,-1538.727060428471,-408.6168466211968,45.4277903984158,-5.021949420576089,114790.85176788531,110484.09799999972,106177.34423211413,113567.11159999996,115579.04223978212,115579.04223978212,115579.04223978212,419.6399999999994,135.72999999999593,0.02542418365033901,0.043804251421015336,3947099.6160190157,111313.98
2025-10-17 14:00:00,105683.71,106852.14,104533.21,106803.53,7847.34313,34.97424934879334,-3959.75,-1969.8681262223545,-1624.9552735872478,-344.9128526351067,46.39532899355994,-3.5749663606928217,114788.61647144498,110238.0539999997,105687.49152855441,113265.06019999998,115595.35973231251,115595.35973231251,115595.35973231251,3.529999999998836,8.860000000000582,0.3148466565927896,0.14710378411167258,3954946.9591490156,112900.43
2025-10-17 18:00:00,106803.52,107575.6,106071.42,106454.72,3916.46744,34.048785776360106,-4874.759999999995,-1992.89196601609,-1698.5426120730162,-294.34935394307377,46.58846763604287,-4.378678495579069,114801.61725173968,109995.09099999971,105188.56474825974,112939.40319999997,115611.67686325533,115611.67686325533,115611.67686325533,97.9600000000064,2.720000000001164,0.043219070284286364,0.4095279272542279,3951030.491709016,112613.7
2025-10-17 22:00:00,106457.24,107440.02,106342.47,106431.68,1810.55617,33.98481611050006,-4152.520000000004,-1990.0575160993176,-1756.8455928782764,-233.21192322104116,46.76781066120559,-3.7550753181738505,114523.00671256236,109671.65349999971,104820.30028743706,112645.09399999997,115627.9936326776,115627.9936326776,115627.9936326776,74.91999999999825,25.760000000009313,0.04532626969080504,0.078371677277835,3949219.9355390156,113028.14
2025-10-18 02:00:00,106431.68,107306.06,106322.2,107070.4,2668.3034,37.490946782873664,-4334.320000000007,-1914.2060523058317,-1788.3176847637874,-125.8883675420443,46.94166666271081,-3.8906071484224425,114174.71053215995,109394.48849999972,104614.26646783948,112367.46759999997,115644.31004064633,115644.31004064633,115644.31004064633,174.60000000000582,38.220000000001164,0.04203204047412085,0.07454161039547882,3951888.2389390157,112024.29
2025-10-18 06:00:00,107070.41,107499.0,106439.38,106665.0,2976.33507,36.177592671866876,-1884.2100000000064,-1865.3035544356535,-1803.7148586981607,-61.5886957374928,46.88751462640999,-1.7358118036971515,113690.97818417806,109076.33149999971,104461.68481582135,112067.51959999997,115660.62608722858,115660.62608722858,115660.62608722858,64.36000000000058,129.66999999999825,0.049924359588016415,0.04596347149438286,3948911.9038690156,112584.5
2025-10-18 10:00:00,106665.01,107222.0,106605.93,107208.6,2336.72819,39.250695733969856,-989.0599999999977,-1762.3685084754252,-1795.4455886536136,33.07708017818845,46.837230592702085,-0.9141232814092293,113310.21432234964,108835.54699999971,104360.87967764979,111791.17139999996,115676.94177249132,115676.94177249132,115676.94177249132,36.39999999999418,88.60000000000582,0.08344389039124975,0.04767562940333125,3951248.632059016,111905.73
2025-10-18 14:00:00,107208.61,107300.0,106739.33,106948.75,1425.61863,38.301303969222154,-1245.5299999999988,-1682.3661960168392,-1772.8297101262588,90.46351410941952,46.69243252003281,-1.1511976418716374,112749.7220510332,108553.75949999972,104357.79694896625,111511.50539999997,115693.25709650149,115693.25709650149,115693.25709650149,148.75,154.08000000000175,0.039712930822546365,0.044189328326869864,3949823.013429016,110798.01
2025-10-18 18:00:00,106948.75,107091.87,106484.0,107080.14,911.25891,39.103380047501155,-2096.600000000006,-1590.0328036801511,-1736.2703288370371,146.23752515688602,46.684362388253476,-1.92037241632238,112257.14832329111,108312.47999999972,104367.81167670833,111222.01719999997,115709.57205932605,115709.57205932605,115709.57205932605,164.86000000000058,28.479999999995925,0.04270055365269762,0.08822563244139142,3950734.2723390157,111271.73
2025-10-18 22:00:00,107080.14,107339.03,106851.84,107185.01,804.94346,39.77632642624071,1551.2599999999948,-1491.206096821712,-1687.2574824339722,196.05138561226022,46.33826398716434,1.4685268675967533,111932.9530359945,108131.82999999973,104330.70696400494,110985.33779999995,115725.88666103191,115725.88666103191,115725.88666103191,59.99000000000524,65.00999999999476,0.06412543420039293,0.05508219195580387,3951539.215799016,110763.28
2025-10-19 02:00:00,107185.0,107367.16,106734.17,107275.78,1058.1121,40.39034237342461,1592.0599999999977,-1389.5430518833746,-1627.7145963238527,238.1715444404781,46.08464824075641,1.5064382669345733,111462.4191770163,107932.03249999971,104401.64582298312,110797.62339999997,115742.20090168597,115742.20090168597,115742.20090168597,20.779999999998836,155.77999999999884,0.12300025989509383,0.03828520095880944,3952597.327899016,111329.48
2025-10-19 06:00:00,107275.79,107290.0,106558.61,106786.0,1247.19589,38.13123597938659,-17.529999999998836,-1333.1280388760351,-1568.7972848342893,235.66924595825412,45.953511550189724,-0.016413315177876697,111044.50178799997,107733.16849999972,104421.83521199948,110677.85339999996,115758.51478135507,115758.51478135507,115758.51478135507,14.0,8.669999999998254,0.10404785471759237,0.1496632483250988,3951350.132009016,110584.2
2025-10-19 10:00:00,106786.0,108260.5,106103.36,107783.47,5059.55867,44.891466196230695,1328.75,-1194.1656436266785,-1493.870956592767,299.7053129660885,44.471986998670765,1.2481832651478397,110428.67169015731,107555.86799999974,104683.06430984217,110587.52259999997,115774.82830010608,115774.82830010608,115774.82830010608,16.539999999993597,488.9799999999959,0.08845981339132021,0.028989210431272453,3956409.690679016,111404.72
2025-10-19 14:00:00,107783.47,108621.68,107355.02,108486.7,3636.47308,49.11307946476345,2055.020000000004,-1015.585127193408,-1398.2137907128952,382.6286635194872,42.646998320363934,1.930834879238974,110009.92572316508,107450.99299999974,104892.0602768344,110549.56439999996,115791.14145800582,115791.14145800582,115791.14145800582,133.3700000000099,133.6999999999971,0.0345742893634179,0.039468540172608334,3960046.163759016,108549.21
2025-10-19 18:00:00,108486.71,109450.07,108240.0,108908.43,2430.56297,51.51199888533129,1838.0299999999988,-830.4557182819553,-1284.6621762267073,454.20645794475195,40.014719768233235,1.7166555836160224,109271.49470250742,107326.17849999973,105380.86229749204,110482.13299999996,115807.45425512108,115807.45425512108,115807.45425512108,241.76999999998952,43.95000000001164,0.02920721728123051,0.05813407300619844,3962476.726729016,108197.66
2025-10-19 22:00:00,108908.43,109370.99,108471.1,108642.78,2048.76152,49.915726878024344,1977.7799999999988,-697.1388797526597,-1167.1575169318978,470.0186371792381,37.57046111268329,1.8541977218394123,109288.32839602334,107330.85699999973,105373.38560397612,110419.12459999995,115823.76669151863,115823.76669151863,115823.76669151863,22.70999999999185,147.2100000000064,0.10704016118377167,0.03838078935559774,3960427.9652090156,108194.28
2025-10-20 02:00:00,108642.77,110427.86,107402.52,110145.44,3683.55508,57.86884525504694,2936.8399999999965,-464.87344922684133,-1026.7007033908865,561.8272541640451,36.25449750122665,2.73936978936391,109714.69779297119,107428.24599999974,105141.79420702829,110398.46719999997,115840.07876726522,115840.07876726522,115840.07876726522,168.44000000000233,383.7399999999907,0.0294085842391232,0.032630412994229696,3964111.5202890155,109176.74
2025-10-20 06:00:00,110145.45,111445.67,109951.96,111169.92,3967.97672,62.2680371963398,4221.169999999998,-195.87650566129014,-860.5358638449673,664.6593581836771,33.95229856920251,3.9469091504108267,110373.80841935627,107577.02799999974,104780.24758064322,110408.97759999995,115856.39048242761,115856.39048242761,115856.39048242761,127.25999999999476,451.91999999999825,0.029907941801410494,0.025810364731782397,3968079.4970090156,105633.75
2025-10-20 10:00:00,111169.91,111679.25,110608.27,111016.75,3452.86704,61.238483768169125,3936.6100000000006,4.889606883371016,-687.4507696992996,692.3403765826706,31.588543813394885,3.67632130477229,110774.28954167893,107669.02849999974,104563.76745832055,110415.79259999996,115872.70183707247,115872.70183707247,115872.70183707247,25.910000000003492,298.75,0.06170720278976513,0.027968853940918928,3964626.6299690157,105683.72
2025-10-20 14:00:00,111016.75,111705.56,110588.23,111144.55,3006.20504,61.80592582994338,3959.540000000008,172.3241439837875,-515.4957869626821,687.8199309464696,29.36714601713829,3.694117302410116,111250.06924806576,107944.56849999973,104639.0677519337,110408.17959999996,115889.01283126652,115889.01283126652,115889.01283126652,101.88999999999942,426.5500000000029,0.031925329135207584,0.026065060328761866,3967632.8350090156,106803.53
2025-10-20 18:00:00,111144.55,111303.05,109855.83,110803.22,3716.65669,59.30864678355135,3527.4400000000023,274.31263722218864,-357.53410212570793,631.8467393478966,28.009966235669424,3.288197951112548,111558.56864652171,108200.54349999972,104842.51835347773,110387.27679999993,115905.32346507638,115905.32346507638,115905.32346507638,36.55999999999767,85.22000000000116,0.0506284033779232,0.039913736130707866,3963916.1783190155,106454.72
2025-10-20 22:00:00,110803.22,111272.0,110418.25,110532.09,1366.18103,57.32718645681055,3746.0899999999965,329.46347793919267,-220.13458611272782,549.5980640519205,26.74972786716262,3.508034761111012,111827.05925475789,108386.97149999972,104946.88374524156,110333.95459999994,115921.6337385687,115921.6337385687,115921.6337385687,234.57000000000698,1.9199999999982538,0.026216270650625075,0.8878781893915377,3962549.9972890154,106431.68
2025-10-21 02:00:00,110532.09,110532.09,109052.09,109059.22,2405.81342,47.95442471681793,1275.75,251.42435339622898,-125.82279821093645,377.24715160716545,26.711294173429962,1.183623054629801,111850.3682620342,108517.19649999973,105184.02473796526,110228.29339999992,115937.9436518101,115937.9436518101,115937.9436518101,269.8999999999942,106.83999999999651,0.027769279678405114,0.04093587397689645,3960144.1838690154,107070.4
2025-10-21 06:00:00,109059.23,109059.23,107473.72,108086.37,4930.3268,42.958434842151355,-400.33000000000175,109.81108655036951,-78.69602125867526,188.50710780904478,27.62584828519047,-0.36901297578413317,111801.47757713,108599.93099999972,105398.38442286944,110090.84479999993,115954.25320486714,115954.25320486714,115954.25320486714,286.3600000000006,186.08000000000175,0.028809467943785624,0.033780211450359886,3955213.8570690155,106665.0
2025-10-21 10:00:00,108086.38,108811.47,107484.22,108580.01,2989.94644,46.03090145280723,-328.41999999999825,36.987802422692766,-55.559256522401654,92.54705894509442,28.475077103253803,-0.30155608707241877,111799.39895440111,108675.41149999973,105551.42404559834,109966.02259999992,115970.56239780645,115970.56239780645,115970.56239780645,40.060000000012224,209.98000000001048,0.057756466001518784,0.037146557304797226,3958203.8035090156,107208.6
2025-10-21 14:00:00,108580.0,113557.62,107922.06,113422.61,9985.54115,65.60391478906588,4779.830000000002,365.81528292183066,28.715651366444817,337.0996315553858,27.465583048003854,4.399583663083728,112619.04747229264,109013.29199999971,105407.53652770678,109926.48139999993,115986.87123069451,115986.87123069451,115986.87123069451,772.6100000000006,37.99000000000524,0.018984388836469458,0.0715247352544301,3968189.3446590155,106948.75
2025-10-21 18:00:00,113422.6,114000.0,111324.29,111780.39,10731.52653,57.93099062843026,1634.949999999997,488.2715108579432,120.6268232647445,367.6446875931987,26.7564347534379,1.4843555938402808,112939.50824066394,109241.88149999971,105544.25475933548,109878.48919999992,116003.17970359787,116003.17970359787,116003.17970359787,95.60000000000582,199.61000000000058,0.03666832534558985,0.026935499358880555,3957457.8181290156,107080.14
2025-10-21 22:00:00,111780.4,111801.41,108045.81,108297.67,6168.56427,45.718704485290765,-2872.25,300.8248346157925,156.6664255349541,144.1584090808384,25.51868244839238,-2.583657521746885,112884.36097085047,109309.32749999971,105734.29402914895,109758.20059999992,116019.48781658302,116019.48781658302,116019.48781658302,322.40000000000873,25.220000000001164,0.028377363294894303,0.08306088768014545,3951289.2538590156,107185.01
2025-10-22 02:00:00,108297.66,108678.21,107841.2,108216.02,4851.56459,45.4766590588738,-2800.729999999996,144.0233095301519,154.13780233399365,-10.114492803841756,24.4675814954776,-2.522799487464722,112832.12365808421,109366.1214999997,105900.1193419152,109606.66419999993,116035.79556971644,116035.79556971644,116035.79556971644,404.0500000000029,56.429999999993015,0.028013241062486226,0.049976833973150746,3946437.6892690156,107275.78
2025-10-22 06:00:00,108216.03,108638.99,107610.0,108321.63,3883.15964,45.87580156507269,-2822.9199999999983,27.956549881520914,128.9015518434991,-100.94500196197819,23.607154087900323,-2.539863628041139,112779.5869652383,109422.95249999971,106066.31803476112,109469.77679999992,116052.10296306458,116052.10296306458,116052.10296306458,298.4400000000023,31.369999999995343,0.028634945726055083,0.0777069055450745,3950320.848909016,106786.0
2025-10-22 10:00:00,108321.64,108358.76,106708.18,107555.05,4012.65986,43.39267384826634,-3248.1699999999983,-124.44921964241075,78.23139754631714,-202.6806171887279,23.25118694956444,-2.9314761791218724,112759.86002854514,109436.9159999997,106113.97197145427,109350.87779999991,116068.40999669385,116068.40999669385,116068.40999669385,125.47999999999593,435.0500000000029,0.042804838675295505,0.029727425351359513,3946308.1890490158,107783.47
2025-10-22 14:00:00,107555.04,109163.88,107443.01,108416.5,7925.67327,46.872759440677534,-2115.5899999999965,-173.71756648148585,27.841604740756537,-201.55917122224238,22.38051641311083,-1.9140052449926448,112651.83378564539,109518.44099999972,106385.04821435404,109284.71959999991,116084.71667067068,116084.71667067068,116084.71667067068,203.57000000000698,63.5,0.03072741635239336,0.04904092286703712,3954233.862319016,108486.7
2025-10-22 18:00:00,108416.5,108796.42,107463.29,107870.35,4008.05438,44.98456232675713,-1188.8699999999953,-253.9059571219841,-28.507907631791596,-225.3980494901925,21.57203662926105,-1.0901141599949038,112646.77136080316,109522.78499999971,106398.79863919626,109215.84699999989,116101.02298506143,116101.02298506143,116101.02298506143,70.34000000001106,402.09999999999127,0.04088974826193367,0.029415539098245732,3950225.807939016,108908.43
2025-10-22 22:00:00,107870.35,108069.93,106666.69,107567.44,3929.67277,43.92762107442805,-518.929999999993,-338.00186480759294,-90.40669906695187,-247.59516574064105,21.254321970877378,-0.4801067886727961,112686.311177636,109476.82199999972,106267.33282236345,109109.18719999991,116117.32893993249,116117.32893993249,116117.32893993249,137.86999999999534,447.4400000000023,0.04174679503181569,0.02961394977644958,3946296.1351690157,108642.78
2025-10-23 02:00:00,107567.45,108720.39,107500.0,108377.96,2373.50317,47.48327736548536,-202.04999999998836,-335.38023276859894,-139.4014058072813,-195.97882696131765,20.486208447468496,-0.1860839762309774,112686.7923502988,109450.29849999973,106213.80464970066,109024.47239999991,116133.63453535017,116133.63453535017,116133.63453535017,242.11000000000058,24.960000000006403,0.029617456548407025,0.07548514520586705,3948669.6383390157,110145.44
2025-10-23 06:00:00,108377.96,110298.29,108350.36,109269.9,3307.60984,51.154037852232214,-4152.710000000006,-258.35234176632366,-163.19159299908978,-95.16074876723388,19.288797418194182,-3.661271769358865,112698.33775239857,109481.65449999974,106264.97124760092,108949.30759999993,116149.93977138077,116149.93977138077,116149.93977138077,59.220000000001164,210.1200000000099,0.039773223146318884,0.03774474096066021,3951977.2481790157,111169.92
2025-10-23 10:00:00,109269.9,109903.83,109100.4,109253.89,2204.35192,51.08501509036804,-2526.5,-196.3358192800224,-169.82043825527631,-26.51538102474609,18.17691574815375,-2.2602354491695675,112640.41207890169,109437.07699999974,106233.7419210978,108893.89959999992,116166.24464809061,116166.24464809061,116166.24464809061,75.22999999999593,226.13000000000466,0.03620714134000375,0.03735337443471483,3949772.896259016,111016.75
2025-10-23 14:00:00,109253.88,109650.01,108685.72,109359.44,2943.74479,51.54917240764259,1061.770000000004,-137.08998748271551,-163.27434810076414,26.18436061804863,16.8923587680419,0.9804181382665034,112449.65367152836,109346.55299999975,106243.45232847115,108829.39839999992,116182.54916554593,116182.54916554593,116182.54916554593,30.320000000006985,120.58000000000175,0.05588039431132112,0.04261825126592434,3952716.641049016,111144.55
