,target_class
2025-03-01 01:00:00,0.0
2025-03-01 05:00:00,0.0
2025-03-01 09:00:00,0.0
2025-03-01 13:00:00,0.0
2025-03-01 17:00:00,0.0
2025-03-01 21:00:00,0.0
2025-03-02 01:00:00,0.0
2025-03-02 01:00:00,0.0
2025-03-02 05:00:00,0.0
2025-03-02 05:00:00,0.0
2025-03-02 09:00:00,0.0
2025-03-02 09:00:00,0.0
2025-03-02 13:00:00,0.0
2025-03-02 13:00:00,0.0
2025-03-02 17:00:00,0.0
2025-03-02 17:00:00,0.0
2025-03-02 21:00:00,0.0
2025-03-02 21:00:00,0.0
2025-03-03 01:00:00,0.0
2025-03-03 01:00:00,0.0
2025-03-03 05:00:00,0.0
2025-03-03 05:00:00,0.0
2025-03-03 09:00:00,0.0
2025-03-03 09:00:00,0.0
2025-03-03 13:00:00,0.0
2025-03-03 13:00:00,0.0
2025-03-03 17:00:00,0.0
2025-03-03 17:00:00,0.0
2025-03-03 21:00:00,0.0
2025-03-03 21:00:00,0.0
2025-03-04 01:00:00,0.0
2025-03-04 01:00:00,0.0
2025-03-04 05:00:00,0.0
2025-03-04 05:00:00,0.0
2025-03-04 09:00:00,0.0
2025-03-04 09:00:00,0.0
2025-03-04 13:00:00,0.0
2025-03-04 13:00:00,0.0
2025-03-04 17:00:00,0.0
2025-03-04 17:00:00,0.0
2025-03-04 21:00:00,0.0
2025-03-04 21:00:00,0.0
2025-03-05 01:00:00,0.0
2025-03-05 01:00:00,0.0
2025-03-05 05:00:00,0.0
2025-03-05 05:00:00,0.0
2025-03-05 09:00:00,0.0
2025-03-05 09:00:00,0.0
2025-03-05 13:00:00,0.0
2025-03-05 13:00:00,0.0
2025-03-05 17:00:00,0.0
2025-03-05 17:00:00,0.0
2025-03-05 21:00:00,0.0
2025-03-05 21:00:00,0.0
2025-03-06 01:00:00,0.0
2025-03-06 01:00:00,0.0
2025-03-06 05:00:00,0.0
2025-03-06 05:00:00,0.0
2025-03-06 09:00:00,0.0
2025-03-06 09:00:00,0.0
2025-03-06 13:00:00,0.0
2025-03-06 13:00:00,0.0
2025-03-06 17:00:00,0.0
2025-03-06 17:00:00,0.0
2025-03-06 21:00:00,0.0
2025-03-06 21:00:00,0.0
2025-03-07 01:00:00,0.0
2025-03-07 01:00:00,0.0
2025-03-07 05:00:00,0.0
2025-03-07 05:00:00,0.0
2025-03-07 09:00:00,0.0
2025-03-07 09:00:00,0.0
2025-03-07 13:00:00,0.0
2025-03-07 13:00:00,0.0
2025-03-07 17:00:00,0.0
2025-03-07 17:00:00,0.0
2025-03-07 21:00:00,0.0
2025-03-07 21:00:00,0.0
2025-03-08 01:00:00,0.0
2025-03-08 01:00:00,0.0
2025-03-08 05:00:00,0.0
2025-03-08 05:00:00,0.0
2025-03-08 09:00:00,0.0
2025-03-08 09:00:00,0.0
2025-03-08 13:00:00,0.0
2025-03-08 13:00:00,0.0
2025-03-08 17:00:00,0.0
2025-03-08 17:00:00,0.0
2025-03-08 21:00:00,0.0
2025-03-08 21:00:00,0.0
2025-03-09 01:00:00,0.0
2025-03-09 01:00:00,0.0
2025-03-09 05:00:00,0.0
2025-03-09 05:00:00,0.0
2025-03-09 09:00:00,0.0
2025-03-09 09:00:00,0.0
2025-03-09 13:00:00,0.0
2025-03-09 13:00:00,0.0
2025-03-09 17:00:00,0.0
2025-03-09 17:00:00,0.0
2025-03-09 21:00:00,0.0
2025-03-09 21:00:00,0.0
2025-03-10 01:00:00,0.0
2025-03-10 01:00:00,0.0
2025-03-10 05:00:00,0.0
2025-03-10 05:00:00,0.0
2025-03-10 09:00:00,0.0
2025-03-10 09:00:00,0.0
2025-03-10 13:00:00,0.0
2025-03-10 13:00:00,0.0
2025-03-10 17:00:00,0.0
2025-03-10 17:00:00,0.0
2025-03-10 21:00:00,1.0
2025-03-10 21:00:00,0.0
2025-03-11 01:00:00,0.0
2025-03-11 01:00:00,0.0
2025-03-11 05:00:00,0.0
2025-03-11 05:00:00,0.0
2025-03-11 09:00:00,0.0
2025-03-11 09:00:00,0.0
2025-03-11 13:00:00,0.0
2025-03-11 13:00:00,0.0
2025-03-11 17:00:00,0.0
2025-03-11 17:00:00,1.0
2025-03-11 21:00:00,0.0
2025-03-11 21:00:00,1.0
2025-03-12 01:00:00,0.0
2025-03-12 01:00:00,0.0
2025-03-12 05:00:00,0.0
2025-03-12 05:00:00,0.0
2025-03-12 09:00:00,0.0
2025-03-12 09:00:00,0.0
2025-03-12 13:00:00,1.0
2025-03-12 13:00:00,0.0
2025-03-12 17:00:00,1.0
2025-03-12 17:00:00,0.0
2025-03-12 21:00:00,1.0
2025-03-12 21:00:00,0.0
2025-03-13 01:00:00,0.0
2025-03-13 01:00:00,0.0
2025-03-13 05:00:00,0.0
2025-03-13 05:00:00,0.0
2025-03-13 09:00:00,0.0
2025-03-13 09:00:00,1.0
2025-03-13 13:00:00,1.0
2025-03-13 13:00:00,0.0
2025-03-13 17:00:00,1.0
2025-03-13 17:00:00,0.0
2025-03-13 21:00:00,1.0
2025-03-13 21:00:00,0.0
2025-03-14 01:00:00,0.0
2025-03-14 01:00:00,0.0
2025-03-14 05:00:00,1.0
2025-03-14 05:00:00,0.0
2025-03-14 09:00:00,1.0
2025-03-14 09:00:00,0.0
2025-03-14 13:00:00,1.0
2025-03-14 13:00:00,0.0
2025-03-14 17:00:00,0.0
2025-03-14 17:00:00,1.0
2025-03-14 21:00:00,0.0
2025-03-14 21:00:00,1.0
2025-03-15 01:00:00,1.0
2025-03-15 01:00:00,0.0
2025-03-15 05:00:00,0.0
2025-03-15 05:00:00,1.0
2025-03-15 09:00:00,0.0
2025-03-15 09:00:00,1.0
2025-03-15 13:00:00,1.0
2025-03-15 13:00:00,0.0
2025-03-15 17:00:00,1.0
2025-03-15 17:00:00,0.0
2025-03-15 21:00:00,1.0
2025-03-15 21:00:00,1.0
2025-03-16 01:00:00,1.0
2025-03-16 01:00:00,0.0
2025-03-16 05:00:00,1.0
2025-03-16 05:00:00,0.0
2025-03-16 09:00:00,0.0
2025-03-16 09:00:00,1.0
2025-03-16 13:00:00,1.0
2025-03-16 13:00:00,0.0
2025-03-16 17:00:00,1.0
2025-03-16 17:00:00,1.0
2025-03-16 21:00:00,1.0
2025-03-16 21:00:00,1.0
2025-03-17 01:00:00,1.0
2025-03-17 01:00:00,0.0
2025-03-17 05:00:00,1.0
2025-03-17 05:00:00,0.0
2025-03-17 09:00:00,0.0
2025-03-17 09:00:00,1.0
2025-03-17 13:00:00,1.0
2025-03-17 13:00:00,1.0
2025-03-17 17:00:00,1.0
2025-03-17 17:00:00,1.0
2025-03-17 21:00:00,1.0
2025-03-17 21:00:00,1.0
2025-03-18 01:00:00,0.0
2025-03-18 01:00:00,1.0
2025-03-18 05:00:00,1.0
2025-03-18 05:00:00,0.0
2025-03-18 09:00:00,1.0
2025-03-18 09:00:00,1.0
2025-03-18 13:00:00,1.0
2025-03-18 13:00:00,1.0
2025-03-18 17:00:00,1.0
2025-03-18 17:00:00,1.0
2025-03-18 21:00:00,1.0
2025-03-18 21:00:00,0.0
2025-03-19 01:00:00,1.0
2025-03-19 01:00:00,0.0
2025-03-19 05:00:00,1.0
2025-03-19 05:00:00,1.0
2025-03-19 09:00:00,1.0
2025-03-19 09:00:00,1.0
2025-03-19 13:00:00,1.0
2025-03-19 13:00:00,1.0
2025-03-19 17:00:00,0.0
2025-03-19 17:00:00,1.0
2025-03-19 21:00:00,1.0
2025-03-19 21:00:00,0.0
2025-03-20 01:00:00,1.0
2025-03-20 01:00:00,1.0
2025-03-20 05:00:00,1.0
2025-03-20 05:00:00,1.0
2025-03-20 09:00:00,1.0
2025-03-20 09:00:00,1.0
2025-03-20 13:00:00,1.0
2025-03-20 13:00:00,0.0
2025-03-20 17:00:00,0.0
2025-03-20 17:00:00,1.0
2025-03-20 21:00:00,0.0
2025-03-20 21:00:00,1.0
2025-03-21 01:00:00,1.0
2025-03-21 01:00:00,1.0
2025-03-21 05:00:00,1.0
2025-03-21 05:00:00,1.0
2025-03-21 09:00:00,1.0
2025-03-21 09:00:00,0.0
2025-03-21 13:00:00,0.0
2025-03-21 13:00:00,1.0
2025-03-21 17:00:00,0.0
2025-03-21 17:00:00,1.0
2025-03-21 21:00:00,1.0
2025-03-21 21:00:00,1.0
2025-03-22 01:00:00,1.0
2025-03-22 01:00:00,1.0
2025-03-22 05:00:00,1.0
2025-03-22 05:00:00,0.0
2025-03-22 09:00:00,0.0
2025-03-22 09:00:00,1.0
2025-03-22 13:00:00,1.0
2025-03-22 13:00:00,0.0
2025-03-22 17:00:00,1.0
2025-03-22 17:00:00,1.0
2025-03-22 21:00:00,0.0
2025-03-22 21:00:00,1.0
2025-03-23 01:00:00,0.0
2025-03-23 01:00:00,1.0
2025-03-23 05:00:00,0.0
2025-03-23 05:00:00,1.0
2025-03-23 09:00:00,0.0
2025-03-23 09:00:00,1.0
2025-03-23 13:00:00,1.0
2025-03-23 13:00:00,1.0
2025-03-23 17:00:00,0.0
2025-03-23 17:00:00,1.0
2025-03-23 21:00:00,0.0
2025-03-23 21:00:00,0.0
2025-03-24 01:00:00,1.0
2025-03-24 01:00:00,0.0
2025-03-24 05:00:00,0.0
2025-03-24 05:00:00,1.0
2025-03-24 09:00:00,1.0
2025-03-24 09:00:00,1.0
2025-03-24 13:00:00,1.0
2025-03-24 13:00:00,0.0
2025-03-24 17:00:00,0.0
2025-03-24 17:00:00,0.0
2025-03-24 21:00:00,0.0
2025-03-24 21:00:00,0.0
2025-03-25 01:00:00,0.0
2025-03-25 01:00:00,1.0
2025-03-25 05:00:00,1.0
2025-03-25 05:00:00,1.0
2025-03-25 09:00:00,0.0
2025-03-25 09:00:00,1.0
2025-03-25 13:00:00,0.0
2025-03-25 13:00:00,0.0
2025-03-25 17:00:00,0.0
2025-03-25 17:00:00,0.0
2025-03-25 21:00:00,0.0
2025-03-25 21:00:00,0.0
2025-03-26 01:00:00,1.0
2025-03-26 01:00:00,1.0
2025-03-26 05:00:00,1.0
2025-03-26 05:00:00,0.0
2025-03-26 09:00:00,0.0
2025-03-26 09:00:00,0.0
2025-03-26 13:00:00,0.0
2025-03-26 13:00:00,0.0
2025-03-26 17:00:00,0.0
2025-03-26 17:00:00,0.0
2025-03-26 21:00:00,0.0
2025-03-26 21:00:00,1.0
2025-03-27 01:00:00,1.0
2025-03-27 01:00:00,0.0
2025-03-27 05:00:00,0.0
2025-03-27 05:00:00,0.0
2025-03-27 09:00:00,0.0
2025-03-27 09:00:00,0.0
2025-03-27 13:00:00,0.0
2025-03-27 13:00:00,0.0
2025-03-27 17:00:00,0.0
2025-03-27 17:00:00,1.0
2025-03-27 21:00:00,0.0
2025-03-27 21:00:00,0.0
2025-03-28 01:00:00,0.0
2025-03-28 01:00:00,0.0
2025-03-28 05:00:00,0.0
2025-03-28 05:00:00,0.0
2025-03-28 09:00:00,0.0
2025-03-28 09:00:00,0.0
2025-03-28 13:00:00,1.0
2025-03-28 13:00:00,0.0
2025-03-28 17:00:00,0.0
2025-03-28 17:00:00,0.0
2025-03-28 21:00:00,0.0
2025-03-28 21:00:00,0.0
2025-03-29 01:00:00,0.0
2025-03-29 01:00:00,0.0
2025-03-29 05:00:00,0.0
2025-03-29 05:00:00,0.0
2025-03-29 09:00:00,0.0
2025-03-29 09:00:00,1.0
2025-03-29 13:00:00,0.0
2025-03-29 13:00:00,0.0
2025-03-29 17:00:00,0.0
2025-03-29 17:00:00,0.0
2025-03-29 21:00:00,0.0
2025-03-29 21:00:00,0.0
2025-03-30 01:00:00,0.0
2025-03-30 01:00:00,0.0
2025-03-30 05:00:00,0.0
2025-03-30 05:00:00,1.0
2025-03-30 09:00:00,0.0
2025-03-30 09:00:00,0.0
2025-03-30 13:00:00,0.0
2025-03-30 13:00:00,0.0
2025-03-30 17:00:00,0.0
2025-03-30 17:00:00,0.0
2025-03-30 21:00:00,0.0
2025-03-30 21:00:00,0.0
2025-03-31 01:00:00,0.0
2025-03-31 02:00:00,1.0
2025-03-31 05:00:00,0.0
2025-03-31 06:00:00,0.0
2025-03-31 09:00:00,0.0
2025-03-31 10:00:00,0.0
2025-03-31 13:00:00,0.0
2025-03-31 14:00:00,0.0
2025-03-31 17:00:00,0.0
2025-03-31 18:00:00,0.0
2025-03-31 21:00:00,1.0
2025-03-31 22:00:00,0.0
2025-04-01 02:00:00,0.0
2025-04-01 02:00:00,0.0
2025-04-01 06:00:00,0.0
2025-04-01 06:00:00,0.0
2025-04-01 10:00:00,0.0
2025-04-01 10:00:00,0.0
2025-04-01 14:00:00,0.0
2025-04-01 14:00:00,0.0
2025-04-01 18:00:00,1.0
2025-04-01 18:00:00,0.0
2025-04-01 22:00:00,0.0
2025-04-01 22:00:00,1.0
2025-04-02 02:00:00,0.0
2025-04-02 02:00:00,0.0
2025-04-02 06:00:00,0.0
2025-04-02 06:00:00,0.0
2025-04-02 10:00:00,0.0
2025-04-02 10:00:00,0.0
2025-04-02 14:00:00,0.0
2025-04-02 14:00:00,1.0
2025-04-02 18:00:00,1.0
2025-04-02 18:00:00,0.0
2025-04-02 22:00:00,0.0
2025-04-02 22:00:00,0.0
2025-04-03 02:00:00,0.0
2025-04-03 02:00:00,0.0
2025-04-03 06:00:00,0.0
2025-04-03 06:00:00,0.0
2025-04-03 10:00:00,0.0
2025-04-03 10:00:00,1.0
2025-04-03 14:00:00,1.0
2025-04-03 14:00:00,0.0
2025-04-03 18:00:00,0.0
2025-04-03 18:00:00,0.0
2025-04-03 22:00:00,1.0
2025-04-03 22:00:00,0.0
2025-04-04 02:00:00,0.0
2025-04-04 02:00:00,0.0
2025-04-04 06:00:00,0.0
2025-04-04 06:00:00,1.0
2025-04-04 10:00:00,1.0
2025-04-04 10:00:00,0.0
2025-04-04 14:00:00,0.0
2025-04-04 14:00:00,0.0
2025-04-04 18:00:00,1.0
2025-04-04 18:00:00,0.0
2025-04-04 22:00:00,1.0
2025-04-04 22:00:00,0.0
2025-04-05 02:00:00,1.0
2025-04-05 02:00:00,0.0
2025-04-05 06:00:00,0.0
2025-04-05 06:00:00,1.0
2025-04-05 10:00:00,0.0
2025-04-05 10:00:00,0.0
2025-04-05 14:00:00,1.0
2025-04-05 14:00:00,0.0
2025-04-05 18:00:00,1.0
2025-04-05 18:00:00,0.0
2025-04-05 22:00:00,1.0
2025-04-05 22:00:00,1.0
2025-04-06 02:00:00,1.0
2025-04-06 02:00:00,0.0
2025-04-06 06:00:00,0.0
2025-04-06 06:00:00,0.0
2025-04-06 10:00:00,1.0
2025-04-06 10:00:00,0.0
2025-04-06 14:00:00,1.0
2025-04-06 14:00:00,0.0
2025-04-06 18:00:00,1.0
2025-04-06 18:00:00,1.0
2025-04-06 22:00:00,1.0
2025-04-06 22:00:00,1.0
2025-04-07 02:00:00,0.0
2025-04-07 02:00:00,0.0
2025-04-07 06:00:00,1.0
2025-04-07 06:00:00,0.0
2025-04-07 10:00:00,1.0
2025-04-07 10:00:00,0.0
2025-04-07 14:00:00,1.0
2025-04-07 14:00:00,1.0
2025-04-07 18:00:00,1.0
2025-04-07 18:00:00,1.0
2025-04-07 22:00:00,0.0
2025-04-07 22:00:00,1.0
2025-04-08 02:00:00,1.0
2025-04-08 02:00:00,0.0
2025-04-08 06:00:00,1.0
2025-04-08 06:00:00,0.0
2025-04-08 10:00:00,1.0
2025-04-08 10:00:00,1.0
2025-04-08 14:00:00,1.0
2025-04-08 14:00:00,1.0
2025-04-08 18:00:00,1.0
2025-04-08 18:00:00,0.0
2025-04-08 22:00:00,1.0
2025-04-08 22:00:00,1.0
2025-04-09 02:00:00,0.0
2025-04-09 02:00:00,1.0
2025-04-09 06:00:00,1.0
2025-04-09 06:00:00,1.0
2025-04-09 10:00:00,1.0
2025-04-09 10:00:00,1.0
2025-04-09 14:00:00,1.0
2025-04-09 14:00:00,0.0
2025-04-09 18:00:00,1.0
2025-04-09 18:00:00,1.0
2025-04-09 22:00:00,1.0
2025-04-09 22:00:00,1.0
2025-04-10 02:00:00,1.0
2025-04-10 02:00:00,1.0
2025-04-10 06:00:00,1.0
2025-04-10 06:00:00,1.0
2025-04-10 10:00:00,1.0
2025-04-10 10:00:00,0.0
2025-04-10 14:00:00,1.0
2025-04-10 14:00:00,1.0
2025-04-10 18:00:00,1.0
2025-04-10 18:00:00,1.0
2025-04-10 22:00:00,1.0
2025-04-10 22:00:00,1.0
2025-04-11 02:00:00,1.0
2025-04-11 02:00:00,1.0
2025-04-11 06:00:00,0.0
2025-04-11 06:00:00,1.0
2025-04-11 10:00:00,1.0
2025-04-11 10:00:00,1.0
2025-04-11 14:00:00,1.0
2025-04-11 14:00:00,1.0
2025-04-11 18:00:00,1.0
2025-04-11 18:00:00,1.0
2025-04-11 22:00:00,1.0
2025-04-11 22:00:00,1.0
2025-04-12 02:00:00,0.0
2025-04-12 02:00:00,1.0
2025-04-12 06:00:00,1.0
2025-04-12 06:00:00,1.0
2025-04-12 10:00:00,1.0
2025-04-12 10:00:00,1.0
2025-04-12 14:00:00,1.0
2025-04-12 14:00:00,1.0
2025-04-12 18:00:00,1.0
2025-04-12 18:00:00,1.0
2025-04-12 22:00:00,1.0
2025-04-12 22:00:00,1.0
2025-04-13 02:00:00,1.0
2025-04-13 02:00:00,1.0
2025-04-13 06:00:00,1.0
2025-04-13 06:00:00,1.0
2025-04-13 10:00:00,1.0
2025-04-13 10:00:00,1.0
2025-04-13 14:00:00,1.0
2025-04-13 14:00:00,1.0
2025-04-13 18:00:00,1.0
2025-04-13 18:00:00,1.0
2025-04-13 22:00:00,1.0
2025-04-13 22:00:00,1.0
2025-04-14 02:00:00,1.0
2025-04-14 02:00:00,1.0
2025-04-14 06:00:00,1.0
2025-04-14 06:00:00,1.0
2025-04-14 10:00:00,1.0
2025-04-14 10:00:00,1.0
2025-04-14 14:00:00,1.0
2025-04-14 14:00:00,1.0
2025-04-14 18:00:00,1.0
2025-04-14 18:00:00,1.0
2025-04-14 22:00:00,1.0
2025-04-14 22:00:00,1.0
2025-04-15 02:00:00,1.0
2025-04-15 02:00:00,1.0
2025-04-15 06:00:00,1.0
2025-04-15 06:00:00,1.0
2025-04-15 10:00:00,1.0
2025-04-15 10:00:00,1.0
2025-04-15 14:00:00,1.0
2025-04-15 14:00:00,1.0
2025-04-15 18:00:00,1.0
2025-04-15 18:00:00,1.0
2025-04-15 22:00:00,1.0
2025-04-15 22:00:00,1.0
2025-04-16 02:00:00,1.0
2025-04-16 02:00:00,1.0
2025-04-16 06:00:00,1.0
2025-04-16 06:00:00,1.0
2025-04-16 10:00:00,1.0
2025-04-16 10:00:00,1.0
2025-04-16 14:00:00,1.0
2025-04-16 14:00:00,1.0
2025-04-16 18:00:00,1.0
2025-04-16 18:00:00,1.0
2025-04-16 22:00:00,1.0
2025-04-16 22:00:00,1.0
2025-04-17 02:00:00,1.0
2025-04-17 02:00:00,1.0
2025-04-17 06:00:00,1.0
2025-04-17 06:00:00,1.0
2025-04-17 10:00:00,1.0
2025-04-17 10:00:00,1.0
2025-04-17 14:00:00,1.0
2025-04-17 14:00:00,1.0
2025-04-17 18:00:00,1.0
2025-04-17 18:00:00,1.0
2025-04-17 22:00:00,1.0
2025-04-17 22:00:00,1.0
2025-04-18 02:00:00,1.0
2025-04-18 02:00:00,1.0
2025-04-18 06:00:00,1.0
2025-04-18 06:00:00,1.0
2025-04-18 10:00:00,1.0
2025-04-18 10:00:00,1.0
2025-04-18 14:00:00,1.0
2025-04-18 14:00:00,1.0
2025-04-18 18:00:00,1.0
2025-04-18 18:00:00,1.0
2025-04-18 22:00:00,1.0
2025-04-18 22:00:00,1.0
2025-04-19 02:00:00,1.0
2025-04-19 02:00:00,1.0
2025-04-19 06:00:00,1.0
2025-04-19 06:00:00,1.0
2025-04-19 10:00:00,1.0
2025-04-19 10:00:00,1.0
2025-04-19 14:00:00,1.0
2025-04-19 14:00:00,1.0
2025-04-19 18:00:00,1.0
2025-04-19 18:00:00,1.0
2025-04-19 22:00:00,1.0
2025-04-19 22:00:00,1.0
2025-04-20 02:00:00,1.0
2025-04-20 02:00:00,1.0
2025-04-20 06:00:00,1.0
2025-04-20 06:00:00,1.0
2025-04-20 10:00:00,1.0
2025-04-20 10:00:00,1.0
2025-04-20 14:00:00,1.0
2025-04-20 14:00:00,1.0
2025-04-20 18:00:00,1.0
2025-04-20 18:00:00,1.0
2025-04-20 22:00:00,1.0
2025-04-20 22:00:00,1.0
2025-04-21 02:00:00,1.0
2025-04-21 02:00:00,1.0
2025-04-21 06:00:00,1.0
2025-04-21 06:00:00,1.0
2025-04-21 10:00:00,1.0
2025-04-21 10:00:00,1.0
2025-04-21 14:00:00,1.0
2025-04-21 14:00:00,1.0
2025-04-21 18:00:00,1.0
2025-04-21 18:00:00,1.0
2025-04-21 22:00:00,1.0
2025-04-21 22:00:00,1.0
2025-04-22 02:00:00,1.0
2025-04-22 02:00:00,1.0
2025-04-22 06:00:00,1.0
2025-04-22 06:00:00,1.0
2025-04-22 10:00:00,1.0
2025-04-22 10:00:00,1.0
2025-04-22 14:00:00,1.0
2025-04-22 14:00:00,1.0
2025-04-22 18:00:00,1.0
2025-04-22 18:00:00,1.0
2025-04-22 22:00:00,1.0
2025-04-22 22:00:00,1.0
2025-04-23 02:00:00,1.0
2025-04-23 02:00:00,1.0
2025-04-23 06:00:00,1.0
2025-04-23 06:00:00,1.0
2025-04-23 10:00:00,1.0
2025-04-23 10:00:00,1.0
2025-04-23 14:00:00,1.0
2025-04-23 14:00:00,1.0
2025-04-23 18:00:00,1.0
2025-04-23 18:00:00,1.0
2025-04-23 22:00:00,1.0
2025-04-23 22:00:00,1.0
2025-04-24 02:00:00,1.0
2025-04-24 02:00:00,1.0
2025-04-24 06:00:00,1.0
2025-04-24 06:00:00,1.0
2025-04-24 10:00:00,1.0
2025-04-24 10:00:00,1.0
2025-04-24 14:00:00,1.0
2025-04-24 14:00:00,1.0
2025-04-24 18:00:00,1.0
2025-04-24 18:00:00,1.0
2025-04-24 22:00:00,1.0
2025-04-24 22:00:00,1.0
2025-04-25 02:00:00,1.0
2025-04-25 02:00:00,1.0
2025-04-25 06:00:00,1.0
2025-04-25 06:00:00,1.0
2025-04-25 10:00:00,1.0
2025-04-25 10:00:00,1.0
2025-04-25 14:00:00,1.0
2025-04-25 14:00:00,1.0
2025-04-25 18:00:00,1.0
2025-04-25 18:00:00,1.0
2025-04-25 22:00:00,1.0
2025-04-25 22:00:00,1.0
2025-04-26 02:00:00,1.0
2025-04-26 02:00:00,1.0
2025-04-26 06:00:00,1.0
2025-04-26 06:00:00,1.0
2025-04-26 10:00:00,1.0
2025-04-26 10:00:00,1.0
2025-04-26 14:00:00,1.0
2025-04-26 14:00:00,1.0
2025-04-26 18:00:00,1.0
2025-04-26 18:00:00,1.0
2025-04-26 22:00:00,1.0
2025-04-26 22:00:00,1.0
2025-04-27 02:00:00,1.0
2025-04-27 02:00:00,1.0
2025-04-27 06:00:00,1.0
2025-04-27 06:00:00,1.0
2025-04-27 10:00:00,1.0
2025-04-27 10:00:00,1.0
2025-04-27 14:00:00,1.0
2025-04-27 14:00:00,1.0
2025-04-27 18:00:00,1.0
2025-04-27 18:00:00,1.0
2025-04-27 22:00:00,1.0
2025-04-27 22:00:00,1.0
2025-04-28 02:00:00,1.0
2025-04-28 02:00:00,1.0
2025-04-28 06:00:00,1.0
2025-04-28 06:00:00,1.0
2025-04-28 10:00:00,1.0
2025-04-28 10:00:00,1.0
2025-04-28 14:00:00,1.0
2025-04-28 14:00:00,1.0
2025-04-28 18:00:00,1.0
2025-04-28 18:00:00,1.0
2025-04-28 22:00:00,1.0
2025-04-28 22:00:00,1.0
2025-04-29 02:00:00,1.0
2025-04-29 02:00:00,1.0
2025-04-29 06:00:00,1.0
2025-04-29 06:00:00,1.0
2025-04-29 10:00:00,1.0
2025-04-29 10:00:00,1.0
2025-04-29 14:00:00,1.0
2025-04-29 14:00:00,1.0
2025-04-29 18:00:00,1.0
2025-04-29 18:00:00,1.0
2025-04-29 22:00:00,1.0
2025-04-29 22:00:00,1.0
2025-04-30 02:00:00,1.0
2025-04-30 02:00:00,1.0
2025-04-30 06:00:00,1.0
2025-04-30 06:00:00,1.0
2025-04-30 10:00:00,1.0
2025-04-30 10:00:00,1.0
2025-04-30 14:00:00,1.0
2025-04-30 14:00:00,1.0
2025-04-30 18:00:00,1.0
2025-04-30 18:00:00,1.0
2025-04-30 22:00:00,1.0
2025-04-30 22:00:00,1.0
2025-05-01 02:00:00,1.0
2025-05-01 02:00:00,1.0
2025-05-01 06:00:00,1.0
2025-05-01 06:00:00,1.0
2025-05-01 10:00:00,1.0
2025-05-01 10:00:00,1.0
2025-05-01 14:00:00,1.0
2025-05-01 14:00:00,1.0
2025-05-01 18:00:00,1.0
2025-05-01 18:00:00,1.0
2025-05-01 22:00:00,1.0
2025-05-01 22:00:00,1.0
2025-05-02 02:00:00,1.0
2025-05-02 02:00:00,1.0
2025-05-02 06:00:00,1.0
2025-05-02 06:00:00,1.0
2025-05-02 10:00:00,1.0
2025-05-02 10:00:00,1.0
2025-05-02 14:00:00,1.0
2025-05-02 14:00:00,1.0
2025-05-02 18:00:00,1.0
2025-05-02 18:00:00,1.0
2025-05-02 22:00:00,1.0
2025-05-02 22:00:00,1.0
2025-05-03 02:00:00,1.0
2025-05-03 02:00:00,1.0
2025-05-03 06:00:00,1.0
2025-05-03 06:00:00,1.0
2025-05-03 10:00:00,1.0
2025-05-03 10:00:00,1.0
2025-05-03 14:00:00,1.0
2025-05-03 14:00:00,1.0
2025-05-03 18:00:00,1.0
2025-05-03 18:00:00,1.0
2025-05-03 22:00:00,1.0
2025-05-03 22:00:00,1.0
2025-05-04 02:00:00,1.0
2025-05-04 02:00:00,1.0
2025-05-04 06:00:00,1.0
2025-05-04 06:00:00,1.0
2025-05-04 10:00:00,1.0
2025-05-04 10:00:00,1.0
2025-05-04 14:00:00,1.0
2025-05-04 14:00:00,1.0
2025-05-04 18:00:00,1.0
2025-05-04 18:00:00,1.0
2025-05-04 22:00:00,1.0
2025-05-04 22:00:00,1.0
2025-05-05 02:00:00,1.0
2025-05-05 02:00:00,1.0
2025-05-05 06:00:00,1.0
2025-05-05 06:00:00,1.0
2025-05-05 10:00:00,1.0
2025-05-05 10:00:00,1.0
2025-05-05 14:00:00,1.0
2025-05-05 14:00:00,1.0
2025-05-05 18:00:00,1.0
2025-05-05 18:00:00,1.0
2025-05-05 22:00:00,1.0
2025-05-05 22:00:00,1.0
2025-05-06 02:00:00,1.0
2025-05-06 02:00:00,1.0
2025-05-06 06:00:00,1.0
2025-05-06 06:00:00,1.0
2025-05-06 10:00:00,1.0
2025-05-06 10:00:00,1.0
2025-05-06 14:00:00,1.0
2025-05-06 14:00:00,1.0
2025-05-06 18:00:00,1.0
2025-05-06 18:00:00,1.0
2025-05-06 22:00:00,1.0
2025-05-06 22:00:00,1.0
2025-05-07 02:00:00,1.0
2025-05-07 02:00:00,1.0
2025-05-07 06:00:00,1.0
2025-05-07 06:00:00,1.0
2025-05-07 10:00:00,1.0
2025-05-07 10:00:00,1.0
2025-05-07 14:00:00,1.0
2025-05-07 14:00:00,1.0
2025-05-07 18:00:00,1.0
2025-05-07 18:00:00,1.0
2025-05-07 22:00:00,1.0
2025-05-07 22:00:00,1.0
2025-05-08 02:00:00,1.0
2025-05-08 02:00:00,1.0
2025-05-08 06:00:00,1.0
2025-05-08 06:00:00,1.0
2025-05-08 10:00:00,1.0
2025-05-08 10:00:00,1.0
2025-05-08 14:00:00,1.0
2025-05-08 14:00:00,1.0
2025-05-08 18:00:00,1.0
2025-05-08 18:00:00,1.0
2025-05-08 22:00:00,1.0
2025-05-08 22:00:00,1.0
2025-05-09 02:00:00,1.0
2025-05-09 02:00:00,1.0
2025-05-09 06:00:00,1.0
2025-05-09 06:00:00,1.0
2025-05-09 10:00:00,1.0
2025-05-09 10:00:00,1.0
2025-05-09 14:00:00,1.0
2025-05-09 14:00:00,1.0
2025-05-09 18:00:00,1.0
2025-05-09 18:00:00,1.0
2025-05-09 22:00:00,1.0
2025-05-09 22:00:00,1.0
2025-05-10 02:00:00,1.0
2025-05-10 02:00:00,1.0
2025-05-10 06:00:00,1.0
2025-05-10 06:00:00,1.0
2025-05-10 10:00:00,1.0
2025-05-10 10:00:00,1.0
2025-05-10 14:00:00,1.0
2025-05-10 14:00:00,1.0
2025-05-10 18:00:00,1.0
2025-05-10 18:00:00,1.0
2025-05-10 22:00:00,1.0
2025-05-10 22:00:00,1.0
2025-05-11 02:00:00,1.0
2025-05-11 02:00:00,1.0
2025-05-11 06:00:00,1.0
2025-05-11 06:00:00,1.0
2025-05-11 10:00:00,1.0
2025-05-11 10:00:00,1.0
2025-05-11 14:00:00,1.0
2025-05-11 14:00:00,1.0
2025-05-11 18:00:00,1.0
2025-05-11 18:00:00,1.0
2025-05-11 22:00:00,1.0
2025-05-11 22:00:00,1.0
2025-05-12 02:00:00,1.0
2025-05-12 02:00:00,1.0
2025-05-12 06:00:00,1.0
2025-05-12 06:00:00,1.0
2025-05-12 10:00:00,1.0
2025-05-12 10:00:00,1.0
2025-05-12 14:00:00,1.0
2025-05-12 14:00:00,1.0
2025-05-12 18:00:00,1.0
2025-05-12 18:00:00,1.0
2025-05-12 22:00:00,1.0
2025-05-12 22:00:00,1.0
2025-05-13 02:00:00,1.0
2025-05-13 02:00:00,1.0
2025-05-13 06:00:00,1.0
2025-05-13 06:00:00,1.0
2025-05-13 10:00:00,1.0
2025-05-13 10:00:00,1.0
2025-05-13 14:00:00,1.0
2025-05-13 14:00:00,1.0
2025-05-13 18:00:00,1.0
2025-05-13 18:00:00,1.0
2025-05-13 22:00:00,1.0
2025-05-13 22:00:00,1.0
2025-05-14 02:00:00,1.0
2025-05-14 02:00:00,1.0
2025-05-14 06:00:00,1.0
2025-05-14 06:00:00,1.0
2025-05-14 10:00:00,1.0
2025-05-14 10:00:00,1.0
2025-05-14 14:00:00,1.0
2025-05-14 14:00:00,1.0
2025-05-14 18:00:00,1.0
2025-05-14 18:00:00,1.0
2025-05-14 22:00:00,1.0
2025-05-14 22:00:00,1.0
2025-05-15 02:00:00,1.0
2025-05-15 02:00:00,1.0
2025-05-15 06:00:00,1.0
2025-05-15 06:00:00,1.0
2025-05-15 10:00:00,1.0
2025-05-15 10:00:00,1.0
2025-05-15 14:00:00,1.0
2025-05-15 14:00:00,1.0
2025-05-15 18:00:00,1.0
2025-05-15 18:00:00,1.0
2025-05-15 22:00:00,1.0
2025-05-15 22:00:00,1.0
2025-05-16 02:00:00,1.0
2025-05-16 02:00:00,1.0
2025-05-16 06:00:00,1.0
2025-05-16 06:00:00,1.0
2025-05-16 10:00:00,1.0
2025-05-16 10:00:00,1.0
2025-05-16 14:00:00,1.0
2025-05-16 14:00:00,1.0
2025-05-16 18:00:00,1.0
2025-05-16 18:00:00,1.0
2025-05-16 22:00:00,1.0
2025-05-16 22:00:00,1.0
2025-05-17 02:00:00,1.0
2025-05-17 02:00:00,1.0
2025-05-17 06:00:00,1.0
2025-05-17 06:00:00,1.0
2025-05-17 10:00:00,1.0
2025-05-17 10:00:00,1.0
2025-05-17 14:00:00,1.0
2025-05-17 14:00:00,1.0
2025-05-17 18:00:00,1.0
2025-05-17 18:00:00,1.0
2025-05-17 22:00:00,1.0
2025-05-17 22:00:00,1.0
2025-05-18 02:00:00,1.0
2025-05-18 02:00:00,1.0
2025-05-18 06:00:00,1.0
2025-05-18 06:00:00,1.0
2025-05-18 10:00:00,1.0
2025-05-18 10:00:00,1.0
2025-05-18 14:00:00,1.0
2025-05-18 14:00:00,1.0
2025-05-18 18:00:00,1.0
2025-05-18 18:00:00,1.0
2025-05-18 22:00:00,1.0
2025-05-18 22:00:00,1.0
2025-05-19 02:00:00,1.0
2025-05-19 02:00:00,1.0
2025-05-19 06:00:00,1.0
2025-05-19 06:00:00,1.0
2025-05-19 10:00:00,1.0
2025-05-19 10:00:00,1.0
2025-05-19 14:00:00,1.0
2025-05-19 14:00:00,1.0
2025-05-19 18:00:00,1.0
2025-05-19 18:00:00,1.0
2025-05-19 22:00:00,0.0
2025-05-19 22:00:00,1.0
2025-05-20 02:00:00,1.0
2025-05-20 02:00:00,1.0
2025-05-20 06:00:00,1.0
2025-05-20 06:00:00,1.0
2025-05-20 10:00:00,1.0
2025-05-20 10:00:00,1.0
2025-05-20 14:00:00,1.0
2025-05-20 14:00:00,1.0
2025-05-20 18:00:00,0.0
2025-05-20 18:00:00,1.0
2025-05-20 22:00:00,0.0
2025-05-20 22:00:00,1.0
2025-05-21 02:00:00,1.0
2025-05-21 02:00:00,1.0
2025-05-21 06:00:00,1.0
2025-05-21 06:00:00,1.0
2025-05-21 10:00:00,1.0
2025-05-21 10:00:00,1.0
2025-05-21 14:00:00,0.0
2025-05-21 14:00:00,1.0
2025-05-21 18:00:00,0.0
2025-05-21 18:00:00,1.0
2025-05-21 22:00:00,1.0
2025-05-21 22:00:00,0.0
2025-05-22 02:00:00,1.0
2025-05-22 02:00:00,1.0
2025-05-22 06:00:00,1.0
2025-05-22 06:00:00,1.0
2025-05-22 10:00:00,0.0
2025-05-22 10:00:00,1.0
2025-05-22 14:00:00,0.0
2025-05-22 14:00:00,1.0
2025-05-22 18:00:00,1.0
2025-05-22 18:00:00,0.0
2025-05-22 22:00:00,0.0
2025-05-22 22:00:00,1.0
2025-05-23 02:00:00,1.0
2025-05-23 02:00:00,1.0
2025-05-23 06:00:00,0.0
2025-05-23 06:00:00,1.0
2025-05-23 10:00:00,0.0
2025-05-23 10:00:00,1.0
2025-05-23 14:00:00,0.0
2025-05-23 14:00:00,1.0
2025-05-23 18:00:00,0.0
2025-05-23 18:00:00,1.0
2025-05-23 22:00:00,1.0
2025-05-23 22:00:00,0.0
2025-05-24 02:00:00,0.0
2025-05-24 02:00:00,1.0
2025-05-24 06:00:00,0.0
2025-05-24 06:00:00,1.0
2025-05-24 10:00:00,0.0
2025-05-24 10:00:00,1.0
2025-05-24 14:00:00,0.0
2025-05-24 14:00:00,1.0
2025-05-24 18:00:00,0.0
2025-05-24 18:00:00,1.0
2025-05-24 22:00:00,0.0
2025-05-24 22:00:00,0.0
2025-05-25 02:00:00,0.0
2025-05-25 02:00:00,1.0
2025-05-25 06:00:00,1.0
2025-05-25 06:00:00,0.0
2025-05-25 10:00:00,0.0
2025-05-25 10:00:00,1.0
2025-05-25 14:00:00,0.0
2025-05-25 14:00:00,1.0
2025-05-25 18:00:00,0.0
2025-05-25 18:00:00,0.0
2025-05-25 22:00:00,0.0
2025-05-25 22:00:00,0.0
2025-05-26 02:00:00,1.0
2025-05-26 02:00:00,0.0
2025-05-26 06:00:00,0.0
2025-05-26 06:00:00,1.0
2025-05-26 10:00:00,0.0
2025-05-26 10:00:00,1.0
2025-05-26 14:00:00,0.0
2025-05-26 14:00:00,0.0
2025-05-26 18:00:00,0.0
2025-05-26 18:00:00,0.0
2025-05-26 22:00:00,0.0
2025-05-26 22:00:00,0.0
2025-05-27 02:00:00,0.0
2025-05-27 02:00:00,1.0
2025-05-27 06:00:00,0.0
2025-05-27 06:00:00,1.0
2025-05-27 10:00:00,0.0
2025-05-27 10:00:00,0.0
2025-05-27 14:00:00,0.0
2025-05-27 14:00:00,0.0
2025-05-27 18:00:00,0.0
2025-05-27 18:00:00,0.0
2025-05-27 22:00:00,0.0
2025-05-27 22:00:00,0.0
2025-05-28 02:00:00,0.0
2025-05-28 02:00:00,1.0
2025-05-28 06:00:00,0.0
2025-05-28 06:00:00,0.0
2025-05-28 10:00:00,0.0
2025-05-28 10:00:00,0.0
2025-05-28 14:00:00,0.0
2025-05-28 14:00:00,0.0
2025-05-28 18:00:00,0.0
2025-05-28 18:00:00,0.0
2025-05-28 22:00:00,0.0
2025-05-28 22:00:00,0.0
2025-05-29 02:00:00,0.0
2025-05-29 02:00:00,0.0
2025-05-29 06:00:00,0.0
2025-05-29 06:00:00,0.0
2025-05-29 10:00:00,0.0
2025-05-29 10:00:00,0.0
2025-05-29 14:00:00,0.0
2025-05-29 14:00:00,0.0
2025-05-29 18:00:00,0.0
2025-05-29 18:00:00,0.0
2025-05-29 22:00:00,1.0
2025-05-29 22:00:00,0.0
2025-05-30 02:00:00,0.0
2025-05-30 02:00:00,0.0
2025-05-30 06:00:00,0.0
2025-05-30 06:00:00,0.0
2025-05-30 10:00:00,0.0
2025-05-30 10:00:00,0.0
2025-05-30 14:00:00,0.0
2025-05-30 14:00:00,0.0
2025-05-30 18:00:00,1.0
2025-05-30 18:00:00,0.0
2025-05-30 22:00:00,1.0
2025-05-30 22:00:00,0.0
2025-05-31 02:00:00,0.0
2025-05-31 02:00:00,0.0
2025-05-31 06:00:00,0.0
2025-05-31 06:00:00,0.0
2025-05-31 10:00:00,0.0
2025-05-31 10:00:00,0.0
2025-05-31 14:00:00,0.0
2025-05-31 14:00:00,1.0
2025-05-31 18:00:00,1.0
2025-05-31 18:00:00,0.0
2025-05-31 22:00:00,0.0
2025-05-31 22:00:00,1.0
2025-06-01 02:00:00,0.0
2025-06-01 02:00:00,0.0
2025-06-01 06:00:00,0.0
2025-06-01 06:00:00,0.0
2025-06-01 10:00:00,1.0
2025-06-01 10:00:00,0.0
2025-06-01 14:00:00,1.0
2025-06-01 14:00:00,0.0
2025-06-01 18:00:00,0.0
2025-06-01 18:00:00,1.0
2025-06-01 22:00:00,0.0
2025-06-01 22:00:00,1.0
2025-06-02 02:00:00,0.0
2025-06-02 02:00:00,0.0
2025-06-02 06:00:00,0.0
2025-06-02 06:00:00,1.0
2025-06-02 10:00:00,1.0
2025-06-02 10:00:00,0.0
2025-06-02 14:00:00,1.0
2025-06-02 14:00:00,0.0
2025-06-02 18:00:00,1.0
2025-06-02 18:00:00,0.0
2025-06-02 22:00:00,1.0
2025-06-02 22:00:00,0.0
2025-06-03 02:00:00,1.0
2025-06-03 02:00:00,0.0
2025-06-03 06:00:00,1.0
2025-06-03 06:00:00,0.0
2025-06-03 10:00:00,1.0
2025-06-03 10:00:00,0.0
2025-06-03 14:00:00,0.0
2025-06-03 14:00:00,1.0
2025-06-03 18:00:00,1.0
2025-06-03 18:00:00,0.0
2025-06-03 22:00:00,1.0
2025-06-03 22:00:00,0.0
2025-06-04 02:00:00,1.0
2025-06-04 02:00:00,0.0
2025-06-04 06:00:00,0.0
2025-06-04 06:00:00,1.0
2025-06-04 10:00:00,0.0
2025-06-04 10:00:00,1.0
2025-06-04 14:00:00,1.0
2025-06-04 14:00:00,0.0
2025-06-04 18:00:00,0.0
2025-06-04 18:00:00,1.0
2025-06-04 22:00:00,1.0
2025-06-04 22:00:00,1.0
2025-06-05 02:00:00,1.0
2025-06-05 02:00:00,0.0
2025-06-05 06:00:00,1.0
2025-06-05 06:00:00,0.0
2025-06-05 10:00:00,1.0
2025-06-05 10:00:00,0.0
2025-06-05 14:00:00,1.0
2025-06-05 14:00:00,0.0
2025-06-05 18:00:00,1.0
2025-06-05 18:00:00,1.0
2025-06-05 22:00:00,1.0
2025-06-05 22:00:00,1.0
2025-06-06 02:00:00,1.0
2025-06-06 02:00:00,0.0
2025-06-06 06:00:00,0.0
2025-06-06 06:00:00,1.0
2025-06-06 10:00:00,0.0
2025-06-06 10:00:00,1.0
2025-06-06 14:00:00,1.0
2025-06-06 14:00:00,1.0
2025-06-06 18:00:00,1.0
2025-06-06 18:00:00,1.0
2025-06-06 22:00:00,1.0
2025-06-06 22:00:00,1.0
2025-06-07 02:00:00,1.0
2025-06-07 02:00:00,0.0
2025-06-07 06:00:00,0.0
2025-06-07 06:00:00,1.0
2025-06-07 10:00:00,1.0
2025-06-07 10:00:00,1.0
2025-06-07 14:00:00,1.0
2025-06-07 14:00:00,1.0
2025-06-07 18:00:00,1.0
2025-06-07 18:00:00,1.0
2025-06-07 22:00:00,1.0
2025-06-07 22:00:00,1.0
2025-06-08 02:00:00,0.0
2025-06-08 02:00:00,1.0
2025-06-08 06:00:00,1.0
2025-06-08 06:00:00,1.0
2025-06-08 10:00:00,1.0
2025-06-08 10:00:00,1.0
2025-06-08 14:00:00,1.0
2025-06-08 14:00:00,1.0
2025-06-08 18:00:00,1.0
2025-06-08 18:00:00,1.0
2025-06-08 22:00:00,0.0
2025-06-08 22:00:00,0.0
2025-06-09 02:00:00,1.0
2025-06-09 02:00:00,1.0
2025-06-09 06:00:00,1.0
2025-06-09 06:00:00,1.0
2025-06-09 10:00:00,1.0
2025-06-09 10:00:00,1.0
2025-06-09 14:00:00,1.0
2025-06-09 14:00:00,1.0
2025-06-09 18:00:00,0.0
2025-06-09 18:00:00,0.0
2025-06-09 22:00:00,0.0
2025-06-09 22:00:00,1.0
2025-06-10 02:00:00,1.0
2025-06-10 02:00:00,1.0
2025-06-10 06:00:00,1.0
2025-06-10 06:00:00,1.0
2025-06-10 10:00:00,1.0
2025-06-10 10:00:00,1.0
2025-06-10 14:00:00,0.0
2025-06-10 14:00:00,0.0
2025-06-10 18:00:00,0.0
2025-06-10 18:00:00,1.0
2025-06-10 22:00:00,0.0
2025-06-10 22:00:00,1.0
2025-06-11 02:00:00,1.0
2025-06-11 02:00:00,1.0
2025-06-11 06:00:00,1.0
2025-06-11 06:00:00,1.0
2025-06-11 10:00:00,0.0
2025-06-11 10:00:00,0.0
2025-06-11 14:00:00,0.0
2025-06-11 14:00:00,1.0
2025-06-11 18:00:00,0.0
2025-06-11 18:00:00,1.0
2025-06-11 22:00:00,1.0
2025-06-11 22:00:00,0.0
2025-06-12 02:00:00,1.0
2025-06-12 02:00:00,1.0
2025-06-12 06:00:00,0.0
2025-06-12 06:00:00,0.0
2025-06-12 10:00:00,0.0
2025-06-12 10:00:00,1.0
2025-06-12 14:00:00,1.0
2025-06-12 14:00:00,0.0
2025-06-12 18:00:00,0.0
2025-06-12 18:00:00,1.0
2025-06-12 22:00:00,1.0
2025-06-12 22:00:00,0.0
2025-06-13 02:00:00,0.0
2025-06-13 02:00:00,0.0
2025-06-13 06:00:00,0.0
2025-06-13 06:00:00,1.0
2025-06-13 10:00:00,0.0
2025-06-13 10:00:00,1.0
2025-06-13 14:00:00,0.0
2025-06-13 14:00:00,1.0
2025-06-13 18:00:00,0.0
2025-06-13 18:00:00,1.0
2025-06-13 22:00:00,0.0
2025-06-13 22:00:00,1.0
2025-06-14 02:00:00,0.0
2025-06-14 02:00:00,1.0
2025-06-14 06:00:00,0.0
2025-06-14 06:00:00,1.0
2025-06-14 10:00:00,0.0
2025-06-14 10:00:00,1.0
2025-06-14 14:00:00,0.0
2025-06-14 14:00:00,1.0
2025-06-14 18:00:00,1.0
2025-06-14 18:00:00,0.0
2025-06-14 22:00:00,0.0
2025-06-14 22:00:00,1.0
2025-06-15 02:00:00,0.0
2025-06-15 02:00:00,1.0
2025-06-15 06:00:00,0.0
2025-06-15 06:00:00,1.0
2025-06-15 10:00:00,0.0
2025-06-15 10:00:00,1.0
2025-06-15 14:00:00,0.0
2025-06-15 14:00:00,1.0
2025-06-15 18:00:00,1.0
2025-06-15 18:00:00,0.0
2025-06-15 22:00:00,0.0
2025-06-15 22:00:00,1.0
2025-06-16 02:00:00,0.0
2025-06-16 02:00:00,1.0
2025-06-16 06:00:00,0.0
2025-06-16 06:00:00,1.0
2025-06-16 10:00:00,1.0
2025-06-16 10:00:00,0.0
2025-06-16 14:00:00,0.0
2025-06-16 14:00:00,1.0
2025-06-16 18:00:00,1.0
2025-06-16 18:00:00,0.0
2025-06-16 22:00:00,0.0
2025-06-16 22:00:00,1.0
2025-06-17 02:00:00,1.0
2025-06-17 02:00:00,0.0
2025-06-17 06:00:00,1.0
2025-06-17 06:00:00,0.0
2025-06-17 10:00:00,1.0
2025-06-17 10:00:00,0.0
2025-06-17 14:00:00,1.0
2025-06-17 14:00:00,0.0
2025-06-17 18:00:00,0.0
2025-06-17 18:00:00,1.0
2025-06-17 22:00:00,1.0
2025-06-17 22:00:00,0.0
2025-06-18 02:00:00,1.0
2025-06-18 02:00:00,0.0
2025-06-18 06:00:00,1.0
2025-06-18 06:00:00,0.0
2025-06-18 10:00:00,1.0
2025-06-18 10:00:00,0.0
2025-06-18 14:00:00,0.0
2025-06-18 14:00:00,1.0
2025-06-18 18:00:00,1.0
2025-06-18 18:00:00,0.0
2025-06-18 22:00:00,1.0
2025-06-18 22:00:00,1.0
2025-06-19 02:00:00,1.0
2025-06-19 02:00:00,0.0
2025-06-19 06:00:00,1.0
2025-06-19 06:00:00,0.0
2025-06-19 10:00:00,0.0
2025-06-19 10:00:00,1.0
2025-06-19 14:00:00,1.0
2025-06-19 14:00:00,0.0
2025-06-19 18:00:00,1.0
2025-06-19 18:00:00,1.0
2025-06-19 22:00:00,1.0
2025-06-19 22:00:00,1.0
2025-06-20 02:00:00,1.0
2025-06-20 02:00:00,0.0
2025-06-20 06:00:00,1.0
2025-06-20 06:00:00,0.0
2025-06-20 10:00:00,1.0
2025-06-20 10:00:00,0.0
2025-06-20 14:00:00,1.0
2025-06-20 14:00:00,1.0
2025-06-20 18:00:00,1.0
2025-06-20 18:00:00,1.0
2025-06-20 22:00:00,1.0
2025-06-20 22:00:00,1.0
2025-06-21 02:00:00,0.0
2025-06-21 02:00:00,1.0
2025-06-21 06:00:00,0.0
2025-06-21 06:00:00,1.0
2025-06-21 10:00:00,1.0
2025-06-21 10:00:00,1.0
2025-06-21 14:00:00,1.0
2025-06-21 14:00:00,1.0
2025-06-21 18:00:00,1.0
2025-06-21 18:00:00,1.0
2025-06-21 22:00:00,1.0
2025-06-21 22:00:00,1.0
2025-06-22 02:00:00,1.0
2025-06-22 02:00:00,0.0
2025-06-22 06:00:00,1.0
2025-06-22 06:00:00,1.0
2025-06-22 10:00:00,1.0
2025-06-22 10:00:00,1.0
2025-06-22 14:00:00,1.0
2025-06-22 14:00:00,1.0
2025-06-22 18:00:00,1.0
2025-06-22 18:00:00,1.0
2025-06-22 22:00:00,1.0
2025-06-22 22:00:00,1.0
2025-06-23 02:00:00,1.0
2025-06-23 02:00:00,1.0
2025-06-23 06:00:00,1.0
2025-06-23 06:00:00,1.0
2025-06-23 10:00:00,1.0
2025-06-23 10:00:00,1.0
2025-06-23 14:00:00,1.0
2025-06-23 14:00:00,1.0
2025-06-23 18:00:00,1.0
2025-06-23 18:00:00,1.0
2025-06-23 22:00:00,1.0
2025-06-23 22:00:00,1.0
2025-06-24 02:00:00,1.0
2025-06-24 02:00:00,1.0
2025-06-24 06:00:00,1.0
2025-06-24 06:00:00,1.0
2025-06-24 10:00:00,1.0
2025-06-24 10:00:00,1.0
2025-06-24 14:00:00,1.0
2025-06-24 14:00:00,1.0
2025-06-24 18:00:00,1.0
2025-06-24 18:00:00,1.0
2025-06-24 22:00:00,1.0
2025-06-24 22:00:00,1.0
2025-06-25 02:00:00,1.0
2025-06-25 02:00:00,1.0
2025-06-25 06:00:00,1.0
2025-06-25 06:00:00,1.0
2025-06-25 10:00:00,1.0
2025-06-25 10:00:00,1.0
2025-06-25 14:00:00,1.0
2025-06-25 14:00:00,1.0
2025-06-25 18:00:00,1.0
2025-06-25 18:00:00,1.0
2025-06-25 22:00:00,1.0
2025-06-25 22:00:00,1.0
2025-06-26 02:00:00,1.0
2025-06-26 02:00:00,1.0
2025-06-26 06:00:00,1.0
2025-06-26 06:00:00,1.0
2025-06-26 10:00:00,1.0
2025-06-26 10:00:00,1.0
2025-06-26 14:00:00,1.0
2025-06-26 14:00:00,1.0
2025-06-26 18:00:00,1.0
2025-06-26 18:00:00,1.0
2025-06-26 22:00:00,1.0
2025-06-26 22:00:00,1.0
2025-06-27 02:00:00,1.0
2025-06-27 02:00:00,1.0
2025-06-27 06:00:00,1.0
2025-06-27 06:00:00,1.0
2025-06-27 10:00:00,1.0
2025-06-27 10:00:00,1.0
2025-06-27 14:00:00,1.0
2025-06-27 14:00:00,1.0
2025-06-27 18:00:00,1.0
2025-06-27 18:00:00,1.0
2025-06-27 22:00:00,1.0
2025-06-27 22:00:00,1.0
2025-06-28 02:00:00,1.0
2025-06-28 02:00:00,1.0
2025-06-28 06:00:00,1.0
2025-06-28 06:00:00,1.0
2025-06-28 10:00:00,1.0
2025-06-28 10:00:00,1.0
2025-06-28 14:00:00,1.0
2025-06-28 14:00:00,1.0
2025-06-28 18:00:00,1.0
2025-06-28 18:00:00,1.0
2025-06-28 22:00:00,1.0
2025-06-28 22:00:00,1.0
2025-06-29 02:00:00,1.0
2025-06-29 02:00:00,1.0
2025-06-29 06:00:00,1.0
2025-06-29 06:00:00,1.0
2025-06-29 10:00:00,1.0
2025-06-29 10:00:00,1.0
2025-06-29 14:00:00,1.0
2025-06-29 14:00:00,1.0
2025-06-29 18:00:00,1.0
2025-06-29 18:00:00,1.0
2025-06-29 22:00:00,1.0
2025-06-29 22:00:00,1.0
2025-06-30 02:00:00,1.0
2025-06-30 02:00:00,1.0
2025-06-30 06:00:00,1.0
2025-06-30 06:00:00,1.0
2025-06-30 10:00:00,1.0
2025-06-30 10:00:00,1.0
2025-06-30 14:00:00,1.0
2025-06-30 14:00:00,1.0
2025-06-30 18:00:00,1.0
2025-06-30 18:00:00,1.0
2025-06-30 22:00:00,1.0
2025-06-30 22:00:00,1.0
2025-07-01 02:00:00,1.0
2025-07-01 02:00:00,1.0
2025-07-01 06:00:00,1.0
2025-07-01 06:00:00,1.0
2025-07-01 10:00:00,1.0
2025-07-01 10:00:00,1.0
2025-07-01 14:00:00,1.0
2025-07-01 14:00:00,1.0
2025-07-01 18:00:00,1.0
2025-07-01 18:00:00,1.0
2025-07-01 22:00:00,1.0
2025-07-01 22:00:00,1.0
2025-07-02 02:00:00,1.0
2025-07-02 02:00:00,1.0
2025-07-02 06:00:00,1.0
2025-07-02 06:00:00,1.0
2025-07-02 10:00:00,1.0
2025-07-02 10:00:00,1.0
2025-07-02 14:00:00,1.0
2025-07-02 14:00:00,1.0
2025-07-02 18:00:00,1.0
2025-07-02 18:00:00,1.0
2025-07-02 22:00:00,1.0
2025-07-02 22:00:00,1.0
2025-07-03 02:00:00,1.0
2025-07-03 02:00:00,1.0
2025-07-03 06:00:00,1.0
2025-07-03 06:00:00,1.0
2025-07-03 10:00:00,1.0
2025-07-03 10:00:00,1.0
2025-07-03 14:00:00,1.0
2025-07-03 14:00:00,1.0
2025-07-03 18:00:00,1.0
2025-07-03 18:00:00,1.0
2025-07-03 22:00:00,1.0
2025-07-03 22:00:00,1.0
2025-07-04 02:00:00,1.0
2025-07-04 02:00:00,1.0
2025-07-04 06:00:00,1.0
2025-07-04 06:00:00,1.0
2025-07-04 10:00:00,1.0
2025-07-04 10:00:00,1.0
2025-07-04 14:00:00,1.0
2025-07-04 14:00:00,1.0
2025-07-04 18:00:00,1.0
2025-07-04 18:00:00,1.0
2025-07-04 22:00:00,1.0
2025-07-04 22:00:00,1.0
2025-07-05 02:00:00,1.0
2025-07-05 02:00:00,1.0
2025-07-05 06:00:00,1.0
2025-07-05 06:00:00,1.0
2025-07-05 10:00:00,1.0
2025-07-05 10:00:00,1.0
2025-07-05 14:00:00,1.0
2025-07-05 14:00:00,1.0
2025-07-05 18:00:00,1.0
2025-07-05 18:00:00,1.0
2025-07-05 22:00:00,1.0
2025-07-05 22:00:00,1.0
2025-07-06 02:00:00,1.0
2025-07-06 02:00:00,1.0
2025-07-06 06:00:00,1.0
2025-07-06 06:00:00,1.0
2025-07-06 10:00:00,1.0
2025-07-06 10:00:00,1.0
2025-07-06 14:00:00,1.0
2025-07-06 14:00:00,1.0
2025-07-06 18:00:00,1.0
2025-07-06 18:00:00,1.0
2025-07-06 22:00:00,1.0
2025-07-06 22:00:00,1.0
2025-07-07 02:00:00,1.0
2025-07-07 02:00:00,1.0
2025-07-07 06:00:00,1.0
2025-07-07 06:00:00,1.0
2025-07-07 10:00:00,1.0
2025-07-07 10:00:00,1.0
2025-07-07 14:00:00,1.0
2025-07-07 14:00:00,1.0
2025-07-07 18:00:00,1.0
2025-07-07 18:00:00,1.0
2025-07-07 22:00:00,1.0
2025-07-07 22:00:00,1.0
2025-07-08 02:00:00,1.0
2025-07-08 02:00:00,1.0
2025-07-08 06:00:00,1.0
2025-07-08 06:00:00,1.0
2025-07-08 10:00:00,1.0
2025-07-08 10:00:00,1.0
2025-07-08 14:00:00,1.0
2025-07-08 14:00:00,1.0
2025-07-08 18:00:00,1.0
2025-07-08 18:00:00,1.0
2025-07-08 22:00:00,1.0
2025-07-08 22:00:00,1.0
2025-07-09 02:00:00,1.0
2025-07-09 02:00:00,1.0
2025-07-09 06:00:00,1.0
2025-07-09 06:00:00,1.0
2025-07-09 10:00:00,1.0
2025-07-09 10:00:00,1.0
2025-07-09 14:00:00,1.0
2025-07-09 14:00:00,1.0
2025-07-09 18:00:00,1.0
2025-07-09 18:00:00,1.0
2025-07-09 22:00:00,1.0
2025-07-09 22:00:00,1.0
2025-07-10 02:00:00,1.0
2025-07-10 02:00:00,1.0
2025-07-10 06:00:00,1.0
2025-07-10 06:00:00,1.0
2025-07-10 10:00:00,1.0
2025-07-10 10:00:00,1.0
2025-07-10 14:00:00,1.0
2025-07-10 14:00:00,1.0
2025-07-10 18:00:00,1.0
2025-07-10 18:00:00,1.0
2025-07-10 22:00:00,1.0
2025-07-10 22:00:00,1.0
2025-07-11 02:00:00,1.0
2025-07-11 02:00:00,1.0
2025-07-11 06:00:00,1.0
2025-07-11 06:00:00,1.0
2025-07-11 10:00:00,1.0
2025-07-11 10:00:00,1.0
2025-07-11 14:00:00,1.0
2025-07-11 14:00:00,1.0
2025-07-11 18:00:00,1.0
2025-07-11 18:00:00,1.0
2025-07-11 22:00:00,1.0
2025-07-11 22:00:00,1.0
2025-07-12 02:00:00,1.0
2025-07-12 02:00:00,1.0
2025-07-12 06:00:00,1.0
2025-07-12 06:00:00,1.0
2025-07-12 10:00:00,1.0
2025-07-12 10:00:00,1.0
2025-07-12 14:00:00,1.0
2025-07-12 14:00:00,1.0
2025-07-12 18:00:00,1.0
2025-07-12 18:00:00,1.0
2025-07-12 22:00:00,1.0
2025-07-12 22:00:00,1.0
2025-07-13 02:00:00,1.0
2025-07-13 02:00:00,1.0
2025-07-13 06:00:00,1.0
2025-07-13 06:00:00,1.0
2025-07-13 10:00:00,1.0
2025-07-13 10:00:00,1.0
2025-07-13 14:00:00,1.0
2025-07-13 14:00:00,1.0
2025-07-13 18:00:00,1.0
2025-07-13 18:00:00,1.0
2025-07-13 22:00:00,1.0
2025-07-13 22:00:00,1.0
2025-07-14 02:00:00,1.0
2025-07-14 02:00:00,1.0
2025-07-14 06:00:00,1.0
2025-07-14 06:00:00,1.0
2025-07-14 10:00:00,1.0
2025-07-14 10:00:00,1.0
2025-07-14 14:00:00,1.0
2025-07-14 14:00:00,1.0
2025-07-14 18:00:00,1.0
2025-07-14 18:00:00,1.0
2025-07-14 22:00:00,0.0
2025-07-14 22:00:00,1.0
2025-07-15 02:00:00,1.0
2025-07-15 02:00:00,1.0
2025-07-15 06:00:00,1.0
2025-07-15 06:00:00,1.0
2025-07-15 10:00:00,1.0
2025-07-15 10:00:00,1.0
2025-07-15 14:00:00,1.0
2025-07-15 14:00:00,1.0
2025-07-15 18:00:00,1.0
2025-07-15 18:00:00,0.0
2025-07-15 22:00:00,1.0
2025-07-15 22:00:00,0.0
2025-07-16 02:00:00,1.0
2025-07-16 02:00:00,1.0
2025-07-16 06:00:00,1.0
2025-07-16 06:00:00,1.0
2025-07-16 10:00:00,1.0
2025-07-16 10:00:00,1.0
2025-07-16 14:00:00,0.0
2025-07-16 14:00:00,1.0
2025-07-16 18:00:00,0.0
2025-07-16 18:00:00,1.0
2025-07-16 22:00:00,1.0
2025-07-16 22:00:00,1.0
2025-07-17 02:00:00,1.0
2025-07-17 02:00:00,1.0
2025-07-17 06:00:00,1.0
2025-07-17 06:00:00,1.0
2025-07-17 10:00:00,1.0
2025-07-17 10:00:00,0.0
2025-07-17 14:00:00,0.0
2025-07-17 14:00:00,1.0
2025-07-17 18:00:00,1.0
2025-07-17 18:00:00,1.0
2025-07-17 22:00:00,1.0
2025-07-17 22:00:00,0.0
2025-07-18 02:00:00,1.0
2025-07-18 02:00:00,1.0
2025-07-18 06:00:00,1.0
2025-07-18 06:00:00,0.0
2025-07-18 10:00:00,0.0
2025-07-18 10:00:00,1.0
2025-07-18 14:00:00,1.0
2025-07-18 14:00:00,1.0
2025-07-18 18:00:00,0.0
2025-07-18 18:00:00,1.0
2025-07-18 22:00:00,0.0
2025-07-18 22:00:00,1.0
2025-07-19 02:00:00,0.0
2025-07-19 02:00:00,1.0
2025-07-19 06:00:00,0.0
2025-07-19 06:00:00,1.0
2025-07-19 10:00:00,1.0
2025-07-19 10:00:00,1.0
2025-07-19 14:00:00,0.0
2025-07-19 14:00:00,1.0
2025-07-19 18:00:00,1.0
2025-07-19 18:00:00,0.0
2025-07-19 22:00:00,0.0
2025-07-19 22:00:00,0.0
2025-07-20 02:00:00,0.0
2025-07-20 02:00:00,1.0
2025-07-20 06:00:00,1.0
2025-07-20 06:00:00,1.0
2025-07-20 10:00:00,0.0
2025-07-20 10:00:00,1.0
2025-07-20 14:00:00,0.0
2025-07-20 14:00:00,1.0
2025-07-20 18:00:00,0.0
2025-07-20 18:00:00,0.0
2025-07-20 22:00:00,0.0
2025-07-20 22:00:00,0.0
2025-07-21 02:00:00,1.0
2025-07-21 02:00:00,1.0
2025-07-21 06:00:00,0.0
2025-07-21 06:00:00,1.0
2025-07-21 10:00:00,1.0
2025-07-21 10:00:00,0.0
2025-07-21 14:00:00,0.0
2025-07-21 14:00:00,0.0
2025-07-21 18:00:00,0.0
2025-07-21 18:00:00,0.0
2025-07-21 22:00:00,0.0
2025-07-21 22:00:00,1.0
2025-07-22 02:00:00,1.0
2025-07-22 02:00:00,0.0
2025-07-22 06:00:00,1.0
2025-07-22 06:00:00,0.0
2025-07-22 10:00:00,0.0
2025-07-22 10:00:00,0.0
2025-07-22 14:00:00,0.0
2025-07-22 14:00:00,0.0
2025-07-22 18:00:00,1.0
2025-07-22 18:00:00,0.0
2025-07-22 22:00:00,0.0
2025-07-22 22:00:00,0.0
2025-07-23 02:00:00,0.0
2025-07-23 02:00:00,1.0
2025-07-23 06:00:00,0.0
2025-07-23 06:00:00,0.0
2025-07-23 10:00:00,0.0
2025-07-23 10:00:00,0.0
2025-07-23 14:00:00,0.0
2025-07-23 14:00:00,1.0
2025-07-23 18:00:00,0.0
2025-07-23 18:00:00,0.0
2025-07-23 22:00:00,0.0
2025-07-23 22:00:00,0.0
2025-07-24 02:00:00,0.0
2025-07-24 02:00:00,0.0
2025-07-24 06:00:00,0.0
2025-07-24 06:00:00,0.0
2025-07-24 10:00:00,0.0
2025-07-24 10:00:00,1.0
2025-07-24 14:00:00,0.0
2025-07-24 14:00:00,0.0
2025-07-24 18:00:00,0.0
2025-07-24 18:00:00,0.0
2025-07-24 22:00:00,0.0
2025-07-24 22:00:00,0.0
2025-07-25 02:00:00,0.0
2025-07-25 02:00:00,0.0
2025-07-25 06:00:00,0.0
2025-07-25 06:00:00,1.0
2025-07-25 10:00:00,0.0
2025-07-25 10:00:00,0.0
2025-07-25 14:00:00,0.0
2025-07-25 14:00:00,0.0
2025-07-25 18:00:00,0.0
2025-07-25 18:00:00,0.0
2025-07-25 22:00:00,0.0
2025-07-25 22:00:00,0.0
2025-07-26 02:00:00,1.0
2025-07-26 02:00:00,0.0
2025-07-26 06:00:00,0.0
2025-07-26 06:00:00,0.0
2025-07-26 10:00:00,0.0
2025-07-26 10:00:00,0.0
2025-07-26 14:00:00,0.0
2025-07-26 14:00:00,0.0
2025-07-26 18:00:00,0.0
2025-07-26 18:00:00,0.0
2025-07-26 22:00:00,0.0
2025-07-26 22:00:00,0.0
2025-07-27 02:00:00,0.0
2025-07-27 02:00:00,0.0
2025-07-27 06:00:00,0.0
2025-07-27 06:00:00,0.0
2025-07-27 10:00:00,0.0
2025-07-27 10:00:00,0.0
2025-07-27 14:00:00,0.0
2025-07-27 14:00:00,0.0
2025-07-27 18:00:00,0.0
2025-07-27 18:00:00,0.0
2025-07-27 22:00:00,0.0
2025-07-27 22:00:00,0.0
2025-07-28 02:00:00,0.0
2025-07-28 02:00:00,0.0
2025-07-28 06:00:00,0.0
2025-07-28 06:00:00,0.0
2025-07-28 10:00:00,0.0
2025-07-28 10:00:00,0.0
2025-07-28 14:00:00,0.0
2025-07-28 14:00:00,0.0
2025-07-28 18:00:00,0.0
2025-07-28 18:00:00,0.0
2025-07-28 22:00:00,0.0
2025-07-28 22:00:00,0.0
2025-07-29 02:00:00,0.0
2025-07-29 02:00:00,0.0
2025-07-29 06:00:00,0.0
2025-07-29 06:00:00,0.0
2025-07-29 10:00:00,0.0
2025-07-29 10:00:00,0.0
2025-07-29 14:00:00,0.0
2025-07-29 14:00:00,0.0
2025-07-29 18:00:00,0.0
2025-07-29 18:00:00,0.0
2025-07-29 22:00:00,0.0
2025-07-29 22:00:00,0.0
2025-07-30 02:00:00,0.0
2025-07-30 02:00:00,0.0
2025-07-30 06:00:00,0.0
2025-07-30 06:00:00,0.0
2025-07-30 10:00:00,0.0
2025-07-30 10:00:00,0.0
2025-07-30 14:00:00,0.0
2025-07-30 14:00:00,0.0
2025-07-30 18:00:00,0.0
2025-07-30 18:00:00,0.0
2025-07-30 22:00:00,0.0
2025-07-30 22:00:00,1.0
2025-07-31 02:00:00,0.0
2025-07-31 02:00:00,0.0
2025-07-31 06:00:00,0.0
2025-07-31 06:00:00,0.0
2025-07-31 10:00:00,0.0
2025-07-31 10:00:00,0.0
2025-07-31 14:00:00,0.0
2025-07-31 14:00:00,0.0
2025-07-31 18:00:00,1.0
2025-07-31 18:00:00,0.0
2025-07-31 22:00:00,1.0
2025-07-31 22:00:00,0.0
2025-08-01 02:00:00,0.0
2025-08-01 02:00:00,0.0
2025-08-01 06:00:00,0.0
2025-08-01 06:00:00,0.0
2025-08-01 10:00:00,0.0
2025-08-01 10:00:00,0.0
2025-08-01 14:00:00,1.0
2025-08-01 14:00:00,0.0
2025-08-01 18:00:00,1.0
2025-08-01 18:00:00,0.0
2025-08-01 22:00:00,0.0
2025-08-01 22:00:00,1.0
2025-08-02 02:00:00,0.0
2025-08-02 02:00:00,0.0
2025-08-02 06:00:00,0.0
2025-08-02 06:00:00,0.0
2025-08-02 10:00:00,1.0
2025-08-02 10:00:00,0.0
2025-08-02 14:00:00,1.0
2025-08-02 14:00:00,0.0
2025-08-02 18:00:00,1.0
2025-08-02 18:00:00,0.0
2025-08-02 22:00:00,1.0
2025-08-02 22:00:00,0.0
2025-08-03 02:00:00,0.0
2025-08-03 02:00:00,0.0
2025-08-03 06:00:00,0.0
2025-08-03 06:00:00,1.0
2025-08-03 10:00:00,1.0
2025-08-03 10:00:00,0.0
2025-08-03 14:00:00,0.0
2025-08-03 14:00:00,1.0
2025-08-03 18:00:00,1.0
2025-08-03 18:00:00,0.0
2025-08-03 22:00:00,1.0
2025-08-03 22:00:00,0.0
2025-08-04 02:00:00,0.0
2025-08-04 02:00:00,1.0
2025-08-04 06:00:00,0.0
2025-08-04 06:00:00,1.0
2025-08-04 10:00:00,1.0
2025-08-04 10:00:00,0.0
2025-08-04 14:00:00,1.0
2025-08-04 14:00:00,0.0
2025-08-04 18:00:00,1.0
2025-08-04 18:00:00,0.0
2025-08-04 22:00:00,1.0
2025-08-04 22:00:00,1.0
2025-08-05 02:00:00,0.0
2025-08-05 02:00:00,1.0
2025-08-05 06:00:00,0.0
2025-08-05 06:00:00,1.0
2025-08-05 10:00:00,1.0
2025-08-05 10:00:00,0.0
2025-08-05 14:00:00,1.0
2025-08-05 14:00:00,0.0
2025-08-05 18:00:00,1.0
2025-08-05 18:00:00,1.0
2025-08-05 22:00:00,1.0
2025-08-05 22:00:00,1.0
2025-08-06 02:00:00,0.0
2025-08-06 02:00:00,1.0
2025-08-06 06:00:00,1.0
2025-08-06 06:00:00,0.0
2025-08-06 10:00:00,1.0
2025-08-06 10:00:00,0.0
2025-08-06 14:00:00,1.0
2025-08-06 14:00:00,1.0
2025-08-06 18:00:00,1.0
2025-08-06 18:00:00,1.0
2025-08-06 22:00:00,1.0
2025-08-06 22:00:00,1.0
2025-08-07 02:00:00,1.0
2025-08-07 02:00:00,0.0
2025-08-07 06:00:00,1.0
2025-08-07 06:00:00,0.0
2025-08-07 10:00:00,1.0
2025-08-07 10:00:00,1.0
2025-08-07 14:00:00,1.0
2025-08-07 14:00:00,1.0
2025-08-07 18:00:00,1.0
2025-08-07 18:00:00,1.0
2025-08-07 22:00:00,1.0
2025-08-07 22:00:00,1.0
2025-08-08 02:00:00,1.0
2025-08-08 02:00:00,0.0
2025-08-08 06:00:00,1.0
2025-08-08 06:00:00,1.0
2025-08-08 10:00:00,1.0
2025-08-08 10:00:00,1.0
2025-08-08 14:00:00,1.0
2025-08-08 14:00:00,1.0
2025-08-08 18:00:00,1.0
2025-08-08 18:00:00,1.0
2025-08-08 22:00:00,1.0
2025-08-08 22:00:00,0.0
2025-08-09 02:00:00,1.0
2025-08-09 02:00:00,1.0
2025-08-09 06:00:00,1.0
2025-08-09 06:00:00,1.0
2025-08-09 10:00:00,1.0
2025-08-09 10:00:00,1.0
2025-08-09 14:00:00,1.0
2025-08-09 14:00:00,1.0
2025-08-09 18:00:00,0.0
2025-08-09 18:00:00,1.0
2025-08-09 22:00:00,1.0
2025-08-09 22:00:00,0.0
2025-08-10 02:00:00,1.0
2025-08-10 02:00:00,1.0
2025-08-10 06:00:00,1.0
2025-08-10 06:00:00,1.0
2025-08-10 10:00:00,1.0
2025-08-10 10:00:00,1.0
2025-08-10 14:00:00,1.0
2025-08-10 14:00:00,0.0
2025-08-10 18:00:00,0.0
2025-08-10 18:00:00,1.0
2025-08-10 22:00:00,1.0
2025-08-10 22:00:00,0.0
2025-08-11 02:00:00,1.0
2025-08-11 02:00:00,1.0
2025-08-11 06:00:00,1.0
2025-08-11 06:00:00,1.0
2025-08-11 10:00:00,1.0
2025-08-11 10:00:00,0.0
2025-08-11 14:00:00,0.0
2025-08-11 14:00:00,1.0
2025-08-11 18:00:00,1.0
2025-08-11 18:00:00,0.0
2025-08-11 22:00:00,0.0
2025-08-11 22:00:00,1.0
2025-08-12 02:00:00,1.0
2025-08-12 02:00:00,1.0
2025-08-12 06:00:00,1.0
2025-08-12 06:00:00,0.0
2025-08-12 10:00:00,0.0
2025-08-12 10:00:00,1.0
2025-08-12 14:00:00,1.0
2025-08-12 14:00:00,0.0
2025-08-12 18:00:00,0.0
2025-08-12 18:00:00,1.0
2025-08-12 22:00:00,0.0
2025-08-12 22:00:00,1.0
2025-08-13 02:00:00,0.0
2025-08-13 02:00:00,1.0
2025-08-13 06:00:00,1.0
2025-08-13 06:00:00,0.0
2025-08-13 10:00:00,0.0
2025-08-13 10:00:00,1.0
2025-08-13 14:00:00,0.0
2025-08-13 14:00:00,1.0
2025-08-13 18:00:00,0.0
2025-08-13 18:00:00,1.0
2025-08-13 22:00:00,0.0
2025-08-13 22:00:00,0.0
2025-08-14 02:00:00,0.0
2025-08-14 02:00:00,1.0
2025-08-14 06:00:00,0.0
2025-08-14 06:00:00,1.0
2025-08-14 10:00:00,0.0
2025-08-14 10:00:00,1.0
2025-08-14 14:00:00,0.0
2025-08-14 14:00:00,1.0
2025-08-14 18:00:00,0.0
2025-08-14 18:00:00,0.0
2025-08-14 22:00:00,0.0
2025-08-14 22:00:00,0.0
2025-08-15 02:00:00,0.0
2025-08-15 02:00:00,1.0
2025-08-15 06:00:00,1.0
2025-08-15 06:00:00,0.0
2025-08-15 10:00:00,1.0
2025-08-15 10:00:00,0.0
2025-08-15 14:00:00,0.0
2025-08-15 14:00:00,0.0
2025-08-15 18:00:00,0.0
2025-08-15 18:00:00,0.0
2025-08-15 22:00:00,0.0
2025-08-15 22:00:00,0.0
2025-08-16 02:00:00,0.0
2025-08-16 02:00:00,1.0
2025-08-16 06:00:00,1.0
2025-08-16 06:00:00,0.0
2025-08-16 10:00:00,0.0
2025-08-16 10:00:00,0.0
2025-08-16 14:00:00,0.0
2025-08-16 14:00:00,0.0
2025-08-16 18:00:00,0.0
2025-08-16 18:00:00,0.0
2025-08-16 22:00:00,0.0
2025-08-16 22:00:00,0.0
2025-08-17 02:00:00,0.0
2025-08-17 02:00:00,1.0
2025-08-17 06:00:00,0.0
2025-08-17 06:00:00,0.0
2025-08-17 10:00:00,0.0
2025-08-17 10:00:00,0.0
2025-08-17 14:00:00,0.0
2025-08-17 14:00:00,0.0
2025-08-17 18:00:00,0.0
2025-08-17 18:00:00,0.0
2025-08-17 22:00:00,0.0
2025-08-17 22:00:00,0.0
2025-08-18 02:00:00,0.0
2025-08-18 02:00:00,0.0
2025-08-18 06:00:00,0.0
2025-08-18 06:00:00,0.0
2025-08-18 10:00:00,0.0
2025-08-18 10:00:00,0.0
2025-08-18 14:00:00,0.0
2025-08-18 14:00:00,0.0
2025-08-18 18:00:00,0.0
2025-08-18 18:00:00,0.0
2025-08-18 22:00:00,0.0
2025-08-18 22:00:00,0.0
2025-08-19 02:00:00,0.0
2025-08-19 02:00:00,0.0
2025-08-19 06:00:00,0.0
2025-08-19 06:00:00,0.0
2025-08-19 10:00:00,0.0
2025-08-19 10:00:00,0.0
2025-08-19 14:00:00,0.0
2025-08-19 14:00:00,0.0
2025-08-19 18:00:00,0.0
2025-08-19 18:00:00,0.0
2025-08-19 22:00:00,0.0
2025-08-19 22:00:00,0.0
2025-08-20 02:00:00,0.0
2025-08-20 02:00:00,0.0
2025-08-20 06:00:00,0.0
2025-08-20 06:00:00,0.0
2025-08-20 10:00:00,0.0
2025-08-20 10:00:00,0.0
2025-08-20 14:00:00,0.0
2025-08-20 14:00:00,0.0
2025-08-20 18:00:00,0.0
2025-08-20 18:00:00,0.0
2025-08-20 22:00:00,0.0
2025-08-20 22:00:00,0.0
2025-08-21 02:00:00,0.0
2025-08-21 02:00:00,0.0
2025-08-21 06:00:00,0.0
2025-08-21 06:00:00,0.0
2025-08-21 10:00:00,0.0
2025-08-21 10:00:00,0.0
2025-08-21 14:00:00,0.0
2025-08-21 14:00:00,0.0
2025-08-21 18:00:00,0.0
2025-08-21 18:00:00,0.0
2025-08-21 22:00:00,0.0
2025-08-21 22:00:00,0.0
2025-08-22 02:00:00,0.0
2025-08-22 02:00:00,0.0
2025-08-22 06:00:00,0.0
2025-08-22 06:00:00,0.0
2025-08-22 10:00:00,0.0
2025-08-22 10:00:00,0.0
2025-08-22 14:00:00,0.0
2025-08-22 14:00:00,0.0
2025-08-22 18:00:00,0.0
2025-08-22 18:00:00,0.0
2025-08-22 22:00:00,0.0
2025-08-22 22:00:00,0.0
2025-08-23 02:00:00,0.0
2025-08-23 02:00:00,0.0
2025-08-23 06:00:00,0.0
2025-08-23 06:00:00,0.0
2025-08-23 10:00:00,0.0
2025-08-23 10:00:00,0.0
2025-08-23 14:00:00,0.0
2025-08-23 14:00:00,0.0
2025-08-23 18:00:00,0.0
2025-08-23 18:00:00,0.0
2025-08-23 22:00:00,0.0
2025-08-23 22:00:00,0.0
2025-08-24 02:00:00,0.0
2025-08-24 02:00:00,0.0
2025-08-24 06:00:00,0.0
2025-08-24 06:00:00,0.0
2025-08-24 10:00:00,0.0
2025-08-24 10:00:00,0.0
2025-08-24 14:00:00,0.0
2025-08-24 14:00:00,0.0
2025-08-24 18:00:00,0.0
2025-08-24 18:00:00,0.0
2025-08-24 22:00:00,0.0
2025-08-24 22:00:00,0.0
2025-08-25 02:00:00,0.0
2025-08-25 02:00:00,0.0
2025-08-25 06:00:00,0.0
2025-08-25 06:00:00,0.0
2025-08-25 10:00:00,0.0
2025-08-25 10:00:00,0.0
2025-08-25 14:00:00,0.0
2025-08-25 14:00:00,0.0
2025-08-25 18:00:00,0.0
2025-08-25 18:00:00,0.0
2025-08-25 22:00:00,0.0
2025-08-25 22:00:00,0.0
2025-08-26 02:00:00,0.0
2025-08-26 02:00:00,0.0
2025-08-26 06:00:00,0.0
2025-08-26 06:00:00,0.0
2025-08-26 10:00:00,0.0
2025-08-26 10:00:00,0.0
2025-08-26 14:00:00,0.0
2025-08-26 14:00:00,0.0
2025-08-26 18:00:00,0.0
2025-08-26 18:00:00,0.0
2025-08-26 22:00:00,0.0
2025-08-26 22:00:00,0.0
2025-08-27 02:00:00,0.0
2025-08-27 02:00:00,0.0
2025-08-27 06:00:00,0.0
2025-08-27 06:00:00,0.0
2025-08-27 10:00:00,0.0
2025-08-27 10:00:00,0.0
2025-08-27 14:00:00,0.0
2025-08-27 14:00:00,0.0
2025-08-27 18:00:00,0.0
2025-08-27 18:00:00,0.0
2025-08-27 22:00:00,0.0
2025-08-27 22:00:00,0.0
2025-08-28 02:00:00,0.0
2025-08-28 02:00:00,0.0
2025-08-28 06:00:00,0.0
2025-08-28 06:00:00,0.0
2025-08-28 10:00:00,0.0
2025-08-28 10:00:00,0.0
2025-08-28 14:00:00,0.0
2025-08-28 14:00:00,0.0
2025-08-28 18:00:00,0.0
2025-08-28 18:00:00,0.0
2025-08-28 22:00:00,0.0
2025-08-28 22:00:00,1.0
2025-08-29 02:00:00,0.0
2025-08-29 02:00:00,0.0
2025-08-29 06:00:00,0.0
2025-08-29 06:00:00,0.0
2025-08-29 10:00:00,0.0
2025-08-29 10:00:00,0.0
2025-08-29 14:00:00,0.0
2025-08-29 14:00:00,0.0
2025-08-29 18:00:00,1.0
2025-08-29 18:00:00,0.0
2025-08-29 22:00:00,0.0
2025-08-29 22:00:00,0.0
2025-08-30 02:00:00,0.0
2025-08-30 02:00:00,0.0
2025-08-30 06:00:00,0.0
2025-08-30 06:00:00,0.0
2025-08-30 10:00:00,0.0
2025-08-30 10:00:00,0.0
2025-08-30 14:00:00,1.0
2025-08-30 14:00:00,0.0
2025-08-30 18:00:00,0.0
2025-08-30 18:00:00,0.0
2025-08-30 22:00:00,0.0
2025-08-30 22:00:00,1.0
2025-08-31 02:00:00,0.0
2025-08-31 02:00:00,0.0
2025-08-31 06:00:00,0.0
2025-08-31 06:00:00,0.0
2025-08-31 10:00:00,1.0
2025-08-31 10:00:00,0.0
2025-08-31 14:00:00,0.0
2025-08-31 14:00:00,0.0
2025-08-31 18:00:00,0.0
2025-08-31 18:00:00,1.0
2025-08-31 22:00:00,1.0
2025-08-31 22:00:00,0.0
2025-09-01 02:00:00,0.0
2025-09-01 02:00:00,0.0
2025-09-01 06:00:00,1.0
2025-09-01 06:00:00,0.0
2025-09-01 10:00:00,0.0
2025-09-01 10:00:00,0.0
2025-09-01 14:00:00,0.0
2025-09-01 14:00:00,1.0
2025-09-01 18:00:00,1.0
2025-09-01 18:00:00,0.0
2025-09-01 22:00:00,0.0
2025-09-01 22:00:00,1.0
2025-09-02 02:00:00,1.0
2025-09-02 02:00:00,0.0
2025-09-02 06:00:00,0.0
2025-09-02 06:00:00,0.0
2025-09-02 10:00:00,0.0
2025-09-02 10:00:00,1.0
2025-09-02 14:00:00,1.0
2025-09-02 14:00:00,0.0
2025-09-02 18:00:00,1.0
2025-09-02 18:00:00,0.0
2025-09-02 22:00:00,1.0
2025-09-02 22:00:00,1.0
2025-09-03 02:00:00,0.0
2025-09-03 02:00:00,0.0
2025-09-03 06:00:00,1.0
2025-09-03 06:00:00,0.0
2025-09-03 10:00:00,1.0
2025-09-03 10:00:00,0.0
2025-09-03 14:00:00,1.0
2025-09-03 14:00:00,0.0
2025-09-03 18:00:00,1.0
2025-09-03 18:00:00,1.0
2025-09-03 22:00:00,0.0
2025-09-03 22:00:00,1.0
2025-09-04 02:00:00,0.0
2025-09-04 02:00:00,1.0
2025-09-04 06:00:00,0.0
2025-09-04 06:00:00,1.0
2025-09-04 10:00:00,1.0
2025-09-04 10:00:00,0.0
2025-09-04 14:00:00,1.0
2025-09-04 14:00:00,1.0
2025-09-04 18:00:00,1.0
2025-09-04 18:00:00,0.0
2025-09-04 22:00:00,1.0
2025-09-04 22:00:00,1.0
2025-09-05 02:00:00,0.0
2025-09-05 02:00:00,1.0
2025-09-05 06:00:00,0.0
2025-09-05 06:00:00,1.0
2025-09-05 10:00:00,1.0
2025-09-05 10:00:00,1.0
2025-09-05 14:00:00,1.0
2025-09-05 14:00:00,0.0
2025-09-05 18:00:00,1.0
2025-09-05 18:00:00,1.0
2025-09-05 22:00:00,1.0
2025-09-05 22:00:00,1.0
2025-09-06 02:00:00,0.0
2025-09-06 02:00:00,1.0
2025-09-06 06:00:00,1.0
2025-09-06 06:00:00,1.0
2025-09-06 10:00:00,1.0
2025-09-06 10:00:00,0.0
2025-09-06 14:00:00,1.0
2025-09-06 14:00:00,1.0
2025-09-06 18:00:00,1.0
2025-09-06 18:00:00,1.0
2025-09-06 22:00:00,1.0
2025-09-06 22:00:00,1.0
2025-09-07 02:00:00,1.0
2025-09-07 02:00:00,1.0
2025-09-07 06:00:00,1.0
2025-09-07 06:00:00,0.0
2025-09-07 10:00:00,1.0
2025-09-07 10:00:00,1.0
2025-09-07 14:00:00,1.0
2025-09-07 14:00:00,1.0
2025-09-07 18:00:00,1.0
2025-09-07 18:00:00,1.0
2025-09-07 22:00:00,1.0
2025-09-07 22:00:00,1.0
2025-09-08 02:00:00,1.0
2025-09-08 02:00:00,0.0
2025-09-08 06:00:00,1.0
2025-09-08 06:00:00,1.0
2025-09-08 10:00:00,1.0
2025-09-08 10:00:00,1.0
2025-09-08 14:00:00,1.0
2025-09-08 14:00:00,1.0
2025-09-08 18:00:00,1.0
2025-09-08 18:00:00,1.0
2025-09-08 22:00:00,1.0
2025-09-08 22:00:00,1.0
2025-09-09 02:00:00,1.0
2025-09-09 02:00:00,1.0
2025-09-09 06:00:00,1.0
2025-09-09 06:00:00,1.0
2025-09-09 10:00:00,1.0
2025-09-09 10:00:00,1.0
2025-09-09 14:00:00,1.0
2025-09-09 14:00:00,1.0
2025-09-09 18:00:00,1.0
2025-09-09 18:00:00,1.0
2025-09-09 22:00:00,1.0
2025-09-09 22:00:00,1.0
2025-09-10 02:00:00,1.0
2025-09-10 02:00:00,1.0
2025-09-10 06:00:00,1.0
2025-09-10 06:00:00,1.0
2025-09-10 10:00:00,1.0
2025-09-10 10:00:00,1.0
2025-09-10 14:00:00,1.0
2025-09-10 14:00:00,1.0
2025-09-10 18:00:00,1.0
2025-09-10 18:00:00,1.0
2025-09-10 22:00:00,1.0
2025-09-10 22:00:00,1.0
2025-09-11 02:00:00,1.0
2025-09-11 02:00:00,1.0
2025-09-11 06:00:00,1.0
2025-09-11 06:00:00,1.0
2025-09-11 10:00:00,1.0
2025-09-11 10:00:00,1.0
2025-09-11 14:00:00,1.0
2025-09-11 14:00:00,1.0
2025-09-11 18:00:00,1.0
2025-09-11 18:00:00,1.0
2025-09-11 22:00:00,1.0
2025-09-11 22:00:00,0.0
2025-09-12 02:00:00,1.0
2025-09-12 02:00:00,1.0
2025-09-12 06:00:00,1.0
2025-09-12 06:00:00,1.0
2025-09-12 10:00:00,1.0
2025-09-12 10:00:00,1.0
2025-09-12 14:00:00,1.0
2025-09-12 14:00:00,1.0
2025-09-12 18:00:00,1.0
2025-09-12 18:00:00,0.0
2025-09-12 22:00:00,1.0
2025-09-12 22:00:00,0.0
2025-09-13 02:00:00,1.0
2025-09-13 02:00:00,1.0
2025-09-13 06:00:00,1.0
2025-09-13 06:00:00,1.0
2025-09-13 10:00:00,1.0
2025-09-13 10:00:00,1.0
2025-09-13 14:00:00,0.0
2025-09-13 14:00:00,1.0
2025-09-13 18:00:00,0.0
2025-09-13 18:00:00,1.0
2025-09-13 22:00:00,0.0
2025-09-13 22:00:00,1.0
2025-09-14 02:00:00,1.0
2025-09-14 02:00:00,1.0
2025-09-14 06:00:00,1.0
2025-09-14 06:00:00,1.0
2025-09-14 10:00:00,0.0
2025-09-14 10:00:00,1.0
2025-09-14 14:00:00,1.0
2025-09-14 14:00:00,0.0
2025-09-14 18:00:00,0.0
2025-09-14 18:00:00,1.0
2025-09-14 22:00:00,1.0
2025-09-14 22:00:00,0.0
2025-09-15 02:00:00,1.0
2025-09-15 02:00:00,1.0
2025-09-15 06:00:00,1.0
2025-09-15 06:00:00,0.0
2025-09-15 10:00:00,1.0
2025-09-15 10:00:00,0.0
2025-09-15 14:00:00,0.0
2025-09-15 14:00:00,1.0
2025-09-15 18:00:00,0.0
2025-09-15 18:00:00,1.0
2025-09-15 22:00:00,1.0
2025-09-15 22:00:00,0.0
2025-09-16 02:00:00,0.0
2025-09-16 02:00:00,1.0
2025-09-16 06:00:00,0.0
2025-09-16 06:00:00,1.0
2025-09-16 10:00:00,0.0
2025-09-16 10:00:00,1.0
2025-09-16 14:00:00,1.0
2025-09-16 14:00:00,0.0
2025-09-16 18:00:00,0.0
2025-09-16 18:00:00,1.0
2025-09-16 22:00:00,0.0
2025-09-16 22:00:00,0.0
2025-09-17 02:00:00,0.0
2025-09-17 02:00:00,1.0
2025-09-17 06:00:00,1.0
2025-09-17 06:00:00,0.0
2025-09-17 10:00:00,0.0
2025-09-17 10:00:00,1.0
2025-09-17 14:00:00,0.0
2025-09-17 14:00:00,1.0
2025-09-17 18:00:00,0.0
2025-09-17 18:00:00,0.0
2025-09-17 22:00:00,0.0
2025-09-17 22:00:00,0.0
2025-09-18 02:00:00,0.0
2025-09-18 02:00:00,1.0
2025-09-18 06:00:00,0.0
2025-09-18 06:00:00,1.0
2025-09-18 10:00:00,1.0
2025-09-18 10:00:00,0.0
2025-09-18 14:00:00,0.0
2025-09-18 14:00:00,0.0
2025-09-18 18:00:00,0.0
2025-09-18 18:00:00,0.0
2025-09-18 22:00:00,0.0
2025-09-18 22:00:00,0.0
2025-09-19 02:00:00,0.0
2025-09-19 02:00:00,1.0
2025-09-19 06:00:00,1.0
2025-09-19 06:00:00,0.0
2025-09-19 10:00:00,0.0
2025-09-19 10:00:00,0.0
2025-09-19 14:00:00,0.0
2025-09-19 14:00:00,0.0
2025-09-19 18:00:00,0.0
2025-09-19 18:00:00,0.0
2025-09-19 22:00:00,0.0
2025-09-19 22:00:00,0.0
2025-09-20 02:00:00,0.0
2025-09-20 02:00:00,1.0
2025-09-20 06:00:00,0.0
2025-09-20 06:00:00,0.0
2025-09-20 10:00:00,0.0
2025-09-20 10:00:00,0.0
2025-09-20 14:00:00,0.0
2025-09-20 14:00:00,0.0
2025-09-20 18:00:00,0.0
2025-09-20 18:00:00,0.0
2025-09-20 22:00:00,1.0
2025-09-20 22:00:00,0.0
2025-09-21 02:00:00,0.0
2025-09-21 02:00:00,0.0
2025-09-21 06:00:00,0.0
2025-09-21 06:00:00,0.0
2025-09-21 10:00:00,0.0
2025-09-21 10:00:00,0.0
2025-09-21 14:00:00,0.0
2025-09-21 14:00:00,0.0
2025-09-21 18:00:00,1.0
2025-09-21 18:00:00,0.0
2025-09-21 22:00:00,1.0
2025-09-21 22:00:00,0.0
2025-09-22 02:00:00,0.0
2025-09-22 02:00:00,0.0
2025-09-22 06:00:00,0.0
2025-09-22 06:00:00,0.0
2025-09-22 10:00:00,0.0
2025-09-22 10:00:00,0.0
2025-09-22 14:00:00,1.0
2025-09-22 14:00:00,0.0
2025-09-22 18:00:00,1.0
2025-09-22 18:00:00,0.0
2025-09-22 22:00:00,1.0
2025-09-22 22:00:00,0.0
2025-09-23 02:00:00,0.0
2025-09-23 02:00:00,0.0
2025-09-23 06:00:00,0.0
2025-09-23 06:00:00,0.0
2025-09-23 10:00:00,1.0
2025-09-23 10:00:00,0.0
2025-09-23 14:00:00,1.0
2025-09-23 14:00:00,0.0
2025-09-23 18:00:00,0.0
2025-09-23 18:00:00,1.0
2025-09-23 22:00:00,0.0
2025-09-23 22:00:00,1.0
2025-09-24 02:00:00,0.0
2025-09-24 02:00:00,0.0
2025-09-24 06:00:00,0.0
2025-09-24 06:00:00,1.0
2025-09-24 10:00:00,0.0
2025-09-24 10:00:00,1.0
2025-09-24 14:00:00,1.0
2025-09-24 14:00:00,0.0
2025-09-24 18:00:00,1.0
2025-09-24 18:00:00,0.0
2025-09-24 22:00:00,1.0
2025-09-24 22:00:00,0.0
2025-09-25 02:00:00,1.0
2025-09-25 02:00:00,0.0
2025-09-25 06:00:00,0.0
2025-09-25 06:00:00,1.0
2025-09-25 10:00:00,0.0
2025-09-25 10:00:00,1.0
2025-09-25 14:00:00,1.0
2025-09-25 14:00:00,0.0
2025-09-25 18:00:00,1.0
2025-09-25 18:00:00,0.0
2025-09-25 22:00:00,1.0
2025-09-25 22:00:00,1.0
2025-09-26 02:00:00,0.0
2025-09-26 02:00:00,1.0
2025-09-26 06:00:00,0.0
2025-09-26 06:00:00,1.0
2025-09-26 10:00:00,1.0
2025-09-26 10:00:00,0.0
2025-09-26 14:00:00,1.0
2025-09-26 14:00:00,0.0
2025-09-26 18:00:00,1.0
2025-09-26 18:00:00,1.0
2025-09-26 22:00:00,1.0
2025-09-26 22:00:00,1.0
2025-09-27 02:00:00,1.0
2025-09-27 02:00:00,0.0
2025-09-27 06:00:00,1.0
2025-09-27 06:00:00,0.0
2025-09-27 10:00:00,1.0
2025-09-27 10:00:00,0.0
2025-09-27 14:00:00,1.0
2025-09-27 14:00:00,1.0
2025-09-27 18:00:00,1.0
2025-09-27 18:00:00,1.0
2025-09-27 22:00:00,1.0
2025-09-27 22:00:00,1.0
2025-09-28 02:00:00,1.0
2025-09-28 02:00:00,0.0
2025-09-28 06:00:00,1.0
2025-09-28 06:00:00,0.0
2025-09-28 10:00:00,1.0
2025-09-28 10:00:00,1.0
2025-09-28 14:00:00,1.0
2025-09-28 14:00:00,1.0
2025-09-28 18:00:00,1.0
2025-09-28 18:00:00,1.0
2025-09-28 22:00:00,1.0
2025-09-28 22:00:00,1.0
2025-09-29 02:00:00,1.0
2025-09-29 02:00:00,0.0
2025-09-29 06:00:00,1.0
2025-09-29 06:00:00,1.0
2025-09-29 10:00:00,1.0
2025-09-29 10:00:00,1.0
2025-09-29 14:00:00,1.0
2025-09-29 14:00:00,1.0
2025-09-29 18:00:00,1.0
2025-09-29 18:00:00,1.0
2025-09-29 22:00:00,1.0
2025-09-29 22:00:00,1.0
2025-09-30 02:00:00,1.0
2025-09-30 02:00:00,1.0
2025-09-30 06:00:00,1.0
2025-09-30 06:00:00,1.0
2025-09-30 10:00:00,1.0
2025-09-30 10:00:00,1.0
2025-09-30 14:00:00,1.0
2025-09-30 14:00:00,1.0
2025-09-30 18:00:00,1.0
2025-09-30 18:00:00,1.0
2025-09-30 22:00:00,0.0
2025-09-30 22:00:00,1.0
2025-10-01 02:00:00,1.0
2025-10-01 02:00:00,1.0
2025-10-01 06:00:00,1.0
2025-10-01 06:00:00,1.0
2025-10-01 10:00:00,1.0
2025-10-01 10:00:00,1.0
2025-10-01 14:00:00,1.0
2025-10-01 14:00:00,1.0
2025-10-01 18:00:00,1.0
2025-10-01 18:00:00,0.0
2025-10-01 22:00:00,1.0
2025-10-01 22:00:00,1.0
2025-10-02 02:00:00,1.0
2025-10-02 02:00:00,1.0
2025-10-02 06:00:00,1.0
2025-10-02 06:00:00,1.0
2025-10-02 10:00:00,1.0
2025-10-02 10:00:00,1.0
2025-10-02 14:00:00,0.0
2025-10-02 14:00:00,1.0
2025-10-02 18:00:00,1.0
2025-10-02 18:00:00,1.0
2025-10-02 22:00:00,0.0
2025-10-02 22:00:00,1.0
2025-10-03 02:00:00,1.0
2025-10-03 02:00:00,1.0
2025-10-03 06:00:00,1.0
2025-10-03 06:00:00,1.0
2025-10-03 10:00:00,0.0
2025-10-03 10:00:00,1.0
2025-10-03 14:00:00,1.0
2025-10-03 14:00:00,1.0
2025-10-03 18:00:00,0.0
2025-10-03 18:00:00,1.0
2025-10-03 22:00:00,1.0
2025-10-03 22:00:00,0.0
2025-10-04 02:00:00,1.0
2025-10-04 02:00:00,1.0
2025-10-04 06:00:00,0.0
2025-10-04 06:00:00,1.0
2025-10-04 10:00:00,1.0
2025-10-04 10:00:00,1.0
2025-10-04 14:00:00,0.0
2025-10-04 14:00:00,1.0
2025-10-04 18:00:00,1.0
2025-10-04 18:00:00,0.0
2025-10-04 22:00:00,0.0
2025-10-04 22:00:00,1.0
2025-10-05 02:00:00,0.0
2025-10-05 02:00:00,1.0
2025-10-05 06:00:00,1.0
2025-10-05 06:00:00,1.0
2025-10-05 10:00:00,0.0
2025-10-05 10:00:00,1.0
2025-10-05 14:00:00,1.0
2025-10-05 14:00:00,0.0
2025-10-05 18:00:00,0.0
2025-10-05 18:00:00,1.0
2025-10-05 22:00:00,0.0
2025-10-05 22:00:00,0.0
2025-10-06 02:00:00,1.0
2025-10-06 02:00:00,1.0
2025-10-06 06:00:00,0.0
2025-10-06 06:00:00,1.0
2025-10-06 10:00:00,1.0
2025-10-06 10:00:00,0.0
2025-10-06 14:00:00,0.0
2025-10-06 14:00:00,1.0
2025-10-06 18:00:00,0.0
2025-10-06 18:00:00,0.0
2025-10-06 22:00:00,1.0
2025-10-06 22:00:00,0.0
2025-10-07 02:00:00,0.0
2025-10-07 02:00:00,1.0
2025-10-07 06:00:00,0.0
2025-10-07 06:00:00,1.0
2025-10-07 10:00:00,0.0
2025-10-07 10:00:00,1.0
2025-10-07 14:00:00,0.0
2025-10-07 14:00:00,0.0
2025-10-07 18:00:00,0.0
2025-10-07 18:00:00,1.0
2025-10-07 22:00:00,0.0
2025-10-07 22:00:00,0.0
2025-10-08 02:00:00,1.0
2025-10-08 02:00:00,0.0
2025-10-08 06:00:00,1.0
2025-10-08 06:00:00,0.0
2025-10-08 10:00:00,0.0
2025-10-08 10:00:00,0.0
2025-10-08 14:00:00,0.0
2025-10-08 14:00:00,1.0
2025-10-08 18:00:00,0.0
2025-10-08 18:00:00,0.0
2025-10-08 22:00:00,0.0
2025-10-08 22:00:00,0.0
2025-10-09 02:00:00,0.0
2025-10-09 02:00:00,1.0
2025-10-09 06:00:00,0.0
2025-10-09 06:00:00,0.0
2025-10-09 10:00:00,0.0
2025-10-09 10:00:00,1.0
2025-10-09 14:00:00,0.0
2025-10-09 14:00:00,0.0
2025-10-09 18:00:00,0.0
2025-10-09 18:00:00,0.0
2025-10-09 22:00:00,0.0
2025-10-09 22:00:00,0.0
2025-10-10 02:00:00,0.0
2025-10-10 02:00:00,0.0
2025-10-10 06:00:00,0.0
2025-10-10 06:00:00,1.0
2025-10-10 10:00:00,0.0
2025-10-10 10:00:00,0.0
2025-10-10 14:00:00,0.0
2025-10-10 14:00:00,0.0
2025-10-10 18:00:00,0.0
2025-10-10 18:00:00,0.0
2025-10-10 22:00:00,0.0
2025-10-10 22:00:00,0.0
2025-10-11 02:00:00,0.0
2025-10-11 02:00:00,1.0
2025-10-11 06:00:00,0.0
2025-10-11 06:00:00,0.0
2025-10-11 10:00:00,0.0
2025-10-11 10:00:00,0.0
2025-10-11 14:00:00,0.0
2025-10-11 14:00:00,0.0
2025-10-11 18:00:00,0.0
2025-10-11 18:00:00,0.0
2025-10-11 22:00:00,0.0
2025-10-11 22:00:00,0.0
2025-10-12 02:00:00,0.0
2025-10-12 02:00:00,0.0
2025-10-12 06:00:00,0.0
2025-10-12 06:00:00,0.0
2025-10-12 10:00:00,0.0
2025-10-12 10:00:00,0.0
2025-10-12 14:00:00,0.0
2025-10-12 14:00:00,0.0
2025-10-12 18:00:00,0.0
2025-10-12 18:00:00,0.0
2025-10-12 22:00:00,0.0
2025-10-12 22:00:00,0.0
2025-10-13 02:00:00,0.0
2025-10-13 02:00:00,0.0
2025-10-13 06:00:00,0.0
2025-10-13 06:00:00,0.0
2025-10-13 10:00:00,0.0
2025-10-13 10:00:00,0.0
2025-10-13 14:00:00,0.0
2025-10-13 14:00:00,0.0
2025-10-13 18:00:00,0.0
2025-10-13 18:00:00,0.0
2025-10-13 22:00:00,0.0
2025-10-13 22:00:00,0.0
2025-10-14 02:00:00,0.0
2025-10-14 02:00:00,0.0
2025-10-14 06:00:00,0.0
2025-10-14 06:00:00,0.0
2025-10-14 10:00:00,0.0
2025-10-14 10:00:00,0.0
2025-10-14 14:00:00,0.0
2025-10-14 14:00:00,0.0
2025-10-14 18:00:00,0.0
2025-10-14 18:00:00,0.0
2025-10-14 22:00:00,0.0
2025-10-14 22:00:00,0.0
2025-10-15 02:00:00,0.0
2025-10-15 02:00:00,0.0
2025-10-15 06:00:00,0.0
2025-10-15 06:00:00,0.0
2025-10-15 10:00:00,0.0
2025-10-15 10:00:00,0.0
2025-10-15 14:00:00,0.0
2025-10-15 14:00:00,0.0
2025-10-15 18:00:00,0.0
2025-10-15 18:00:00,0.0
2025-10-15 22:00:00,0.0
2025-10-15 22:00:00,1.0
2025-10-16 02:00:00,0.0
2025-10-16 02:00:00,0.0
2025-10-16 06:00:00,0.0
2025-10-16 06:00:00,0.0
2025-10-16 10:00:00,0.0
2025-10-16 10:00:00,0.0
2025-10-16 14:00:00,0.0
2025-10-16 14:00:00,0.0
2025-10-16 18:00:00,0.0
2025-10-16 18:00:00,1.0
2025-10-16 22:00:00,0.0
2025-10-16 22:00:00,1.0
2025-10-17 02:00:00,0.0
2025-10-17 02:00:00,0.0
2025-10-17 06:00:00,0.0
2025-10-17 06:00:00,0.0
2025-10-17 10:00:00,0.0
2025-10-17 10:00:00,0.0
2025-10-17 14:00:00,1.0
2025-10-17 14:00:00,0.0
2025-10-17 18:00:00,1.0
2025-10-17 18:00:00,0.0
2025-10-17 22:00:00,0.0
2025-10-17 22:00:00,1.0
2025-10-18 02:00:00,0.0
2025-10-18 02:00:00,0.0
2025-10-18 06:00:00,0.0
2025-10-18 06:00:00,0.0
2025-10-18 10:00:00,1.0
2025-10-18 10:00:00,0.0
2025-10-18 14:00:00,1.0
2025-10-18 14:00:00,0.0
2025-10-18 18:00:00,0.0
2025-10-18 18:00:00,1.0
2025-10-18 22:00:00,1.0
2025-10-18 22:00:00,0.0
2025-10-19 02:00:00,0.0
2025-10-19 02:00:00,0.0
2025-10-19 06:00:00,0.0
2025-10-19 06:00:00,1.0
2025-10-19 10:00:00,1.0
2025-10-19 10:00:00,0.0
2025-10-19 14:00:00,1.0
2025-10-19 14:00:00,0.0
2025-10-19 18:00:00,1.0
2025-10-19 18:00:00,0.0
2025-10-19 22:00:00,0.0
2025-10-19 22:00:00,1.0
2025-10-20 02:00:00,1.0
2025-10-20 02:00:00,0.0
2025-10-20 06:00:00,1.0
2025-10-20 06:00:00,0.0
2025-10-20 10:00:00,0.0
2025-10-20 10:00:00,1.0
2025-10-20 14:00:00,1.0
2025-10-20 14:00:00,0.0
2025-10-20 18:00:00,1.0
2025-10-20 18:00:00,0.0
2025-10-20 22:00:00,1.0
2025-10-20 22:00:00,1.0
2025-10-21 02:00:00,1.0
2025-10-21 02:00:00,0.0
2025-10-21 06:00:00,1.0
2025-10-21 06:00:00,0.0
2025-10-21 10:00:00,0.0
2025-10-21 10:00:00,1.0
2025-10-21 14:00:00,1.0
2025-10-21 14:00:00,0.0
2025-10-21 18:00:00,1.0
2025-10-21 18:00:00,1.0
2025-10-21 22:00:00,0.0
2025-10-21 22:00:00,1.0
2025-10-22 02:00:00,1.0
2025-10-22 02:00:00,0.0
2025-10-22 06:00:00,1.0
2025-10-22 06:00:00,0.0
2025-10-22 10:00:00,1.0
2025-10-22 10:00:00,0.0
2025-10-22 14:00:00,1.0
2025-10-22 14:00:00,1.0
2025-10-22 18:00:00,0.0
2025-10-22 18:00:00,1.0
2025-10-22 22:00:00,1.0
2025-10-22 22:00:00,1.0
2025-10-23 02:00:00,1.0
2025-10-23 02:00:00,0.0
2025-10-23 06:00:00,1.0
2025-10-23 06:00:00,0.0
2025-10-23 10:00:00,1.0
2025-10-23 10:00:00,1.0
2025-10-23 14:00:00,0.0
2025-10-23 14:00:00,1.0
2025-10-23 18:00:00,1.0
2025-10-23 18:00:00,1.0
2025-10-23 22:00:00,0.0
2025-10-23 22:00:00,1.0
2025-10-24 02:00:00,1.0
2025-10-24 02:00:00,0.0
2025-10-24 06:00:00,1.0
2025-10-24 06:00:00,1.0
2025-10-24 10:00:00,0.0
2025-10-24 10:00:00,1.0
2025-10-24 14:00:00,1.0
2025-10-24 14:00:00,1.0
2025-10-24 18:00:00,1.0
2025-10-24 18:00:00,0.0
2025-10-24 22:00:00,1.0
2025-10-24 22:00:00,0.0
2025-10-25 02:00:00,1.0
2025-10-25 02:00:00,1.0
2025-10-25 06:00:00,0.0
2025-10-25 06:00:00,1.0
2025-10-25 10:00:00,1.0
2025-10-25 10:00:00,1.0
2025-10-25 14:00:00,0.0
2025-10-25 14:00:00,1.0
2025-10-25 18:00:00,0.0
2025-10-25 18:00:00,1.0
2025-10-25 22:00:00,0.0
2025-10-25 22:00:00,1.0
2025-10-26 02:00:00,0.0
2025-10-26 02:00:00,1.0
2025-10-26 06:00:00,1.0
2025-10-26 06:00:00,1.0
2025-10-26 10:00:00,0.0
2025-10-26 10:00:00,1.0
2025-10-26 14:00:00,0.0
2025-10-26 14:00:00,1.0
2025-10-26 18:00:00,1.0
2025-10-26 18:00:00,0.0
2025-10-26 22:00:00,0.0
2025-10-26 22:00:00,0.0
2025-10-27 01:00:00,1.0
2025-10-27 02:00:00,1.0
2025-10-27 05:00:00,1.0
2025-10-27 06:00:00,0.0
2025-10-27 09:00:00,1.0
2025-10-27 10:00:00,0.0
2025-10-27 13:00:00,1.0
2025-10-27 14:00:00,0.0
2025-10-27 17:00:00,0.0
2025-10-27 18:00:00,0.0
2025-10-27 21:00:00,1.0
2025-10-27 22:00:00,0.0
2025-10-28 01:00:00,1.0
2025-10-28 01:00:00,0.0
2025-10-28 05:00:00,1.0
2025-10-28 05:00:00,0.0
2025-10-28 09:00:00,0.0
2025-10-28 09:00:00,1.0
2025-10-28 13:00:00,0.0
2025-10-28 13:00:00,0.0
2025-10-28 17:00:00,0.0
2025-10-28 17:00:00,1.0
2025-10-28 21:00:00,0.0
2025-10-28 21:00:00,0.0
2025-10-29 01:00:00,0.0
2025-10-29 01:00:00,1.0
2025-10-29 05:00:00,0.0
2025-10-29 05:00:00,1.0
2025-10-29 09:00:00,0.0
2025-10-29 09:00:00,0.0
2025-10-29 13:00:00,0.0
2025-10-29 13:00:00,1.0
2025-10-29 17:00:00,0.0
2025-10-29 17:00:00,0.0
2025-10-29 21:00:00,0.0
2025-10-29 21:00:00,0.0
2025-10-30 01:00:00,0.0
2025-10-30 01:00:00,1.0
2025-10-30 05:00:00,0.0
2025-10-30 05:00:00,0.0
2025-10-30 09:00:00,1.0
2025-10-30 09:00:00,0.0
2025-10-30 13:00:00,0.0
2025-10-30 13:00:00,0.0
2025-10-30 17:00:00,0.0
2025-10-30 17:00:00,0.0
2025-10-30 21:00:00,0.0
2025-10-30 21:00:00,0.0
2025-10-31 01:00:00,0.0
2025-10-31 01:00:00,0.0
2025-10-31 05:00:00,0.0
2025-10-31 05:00:00,1.0
2025-10-31 09:00:00,0.0
2025-10-31 09:00:00,0.0
2025-10-31 13:00:00,0.0
2025-10-31 13:00:00,0.0
2025-10-31 17:00:00,0.0
2025-10-31 17:00:00,0.0
2025-10-31 21:00:00,0.0
2025-10-31 21:00:00,0.0
2025-11-01 01:00:00,0.0
2025-11-01 01:00:00,1.0
2025-11-01 05:00:00,0.0
2025-11-01 05:00:00,0.0
2025-11-01 09:00:00,0.0
2025-11-01 09:00:00,0.0
2025-11-01 13:00:00,0.0
2025-11-01 13:00:00,0.0
2025-11-01 17:00:00,0.0
2025-11-01 17:00:00,0.0
2025-11-01 21:00:00,0.0
2025-11-01 21:00:00,0.0
2025-11-02 01:00:00,0.0
2025-11-02 01:00:00,0.0
2025-11-02 05:00:00,0.0
2025-11-02 05:00:00,0.0
2025-11-02 09:00:00,0.0
2025-11-02 09:00:00,0.0
2025-11-02 13:00:00,0.0
2025-11-02 13:00:00,0.0
2025-11-02 17:00:00,0.0
2025-11-02 17:00:00,0.0
2025-11-02 21:00:00,0.0
2025-11-02 21:00:00,0.0
2025-11-03 01:00:00,0.0
2025-11-03 01:00:00,0.0
2025-11-03 05:00:00,0.0
2025-11-03 05:00:00,0.0
2025-11-03 09:00:00,0.0
2025-11-03 09:00:00,0.0
2025-11-03 13:00:00,0.0
2025-11-03 13:00:00,0.0
2025-11-03 17:00:00,0.0
2025-11-03 17:00:00,0.0
2025-11-03 21:00:00,0.0
2025-11-03 21:00:00,0.0
2025-11-04 01:00:00,0.0
2025-11-04 01:00:00,0.0
2025-11-04 05:00:00,0.0
2025-11-04 05:00:00,0.0
2025-11-04 09:00:00,0.0
2025-11-04 09:00:00,0.0
2025-11-04 13:00:00,0.0
2025-11-04 13:00:00,0.0
2025-11-04 17:00:00,0.0
2025-11-04 17:00:00,0.0
2025-11-04 21:00:00,0.0
2025-11-04 21:00:00,0.0
2025-11-05 01:00:00,0.0
2025-11-05 01:00:00,0.0
2025-11-05 05:00:00,0.0
2025-11-05 05:00:00,0.0
2025-11-05 09:00:00,0.0
2025-11-05 09:00:00,0.0
2025-11-05 13:00:00,0.0
2025-11-05 13:00:00,0.0
2025-11-05 17:00:00,0.0
2025-11-05 17:00:00,0.0
2025-11-05 21:00:00,0.0
2025-11-05 21:00:00,0.0
2025-11-06 01:00:00,0.0
2025-11-06 01:00:00,0.0
2025-11-06 05:00:00,0.0
2025-11-06 05:00:00,0.0
2025-11-06 09:00:00,0.0
2025-11-06 09:00:00,0.0
2025-11-06 13:00:00,0.0
2025-11-06 13:00:00,0.0
2025-11-06 17:00:00,0.0
2025-11-06 17:00:00,0.0
2025-11-06 21:00:00,0.0
2025-11-06 21:00:00,0.0
2025-11-07 01:00:00,0.0
2025-11-07 01:00:00,0.0
2025-11-07 05:00:00,0.0
2025-11-07 05:00:00,0.0
2025-11-07 09:00:00,0.0
2025-11-07 09:00:00,0.0
2025-11-07 13:00:00,0.0
2025-11-07 13:00:00,0.0
2025-11-07 17:00:00,0.0
2025-11-07 17:00:00,0.0
2025-11-07 21:00:00,0.0
2025-11-07 21:00:00,0.0
2025-11-08 01:00:00,0.0
2025-11-08 01:00:00,0.0
2025-11-08 05:00:00,0.0
2025-11-08 05:00:00,0.0
2025-11-08 09:00:00,0.0
2025-11-08 09:00:00,0.0
2025-11-08 13:00:00,0.0
2025-11-08 13:00:00,0.0
2025-11-08 17:00:00,0.0
2025-11-08 17:00:00,0.0
2025-11-08 21:00:00,0.0
2025-11-08 21:00:00,0.0
2025-11-09 01:00:00,0.0
2025-11-09 01:00:00,0.0
2025-11-09 05:00:00,0.0
2025-11-09 05:00:00,0.0
2025-11-09 09:00:00,0.0
2025-11-09 09:00:00,0.0
2025-11-09 13:00:00,0.0
2025-11-09 13:00:00,0.0
2025-11-09 17:00:00,0.0
2025-11-09 17:00:00,0.0
2025-11-09 21:00:00,0.0
2025-11-09 21:00:00,0.0
2025-11-10 01:00:00,0.0
2025-11-10 01:00:00,0.0
2025-11-10 05:00:00,0.0
2025-11-10 05:00:00,0.0
2025-11-10 09:00:00,0.0
2025-11-10 09:00:00,0.0
2025-11-10 13:00:00,0.0
2025-11-10 13:00:00,0.0
2025-11-10 17:00:00,0.0
2025-11-10 17:00:00,0.0
2025-11-10 21:00:00,0.0
2025-11-10 21:00:00,0.0
2025-11-11 01:00:00,0.0
2025-11-11 01:00:00,0.0
2025-11-11 05:00:00,0.0
2025-11-11 05:00:00,0.0
2025-11-11 09:00:00,0.0
2025-11-11 09:00:00,0.0
2025-11-11 13:00:00,0.0
2025-11-11 13:00:00,0.0
2025-11-11 17:00:00,0.0
2025-11-11 17:00:00,0.0
2025-11-11 21:00:00,0.0
2025-11-11 21:00:00,0.0
2025-11-12 01:00:00,0.0
2025-11-12 01:00:00,0.0
2025-11-12 05:00:00,0.0
2025-11-12 05:00:00,0.0
2025-11-12 09:00:00,0.0
2025-11-12 09:00:00,0.0
2025-11-12 13:00:00,0.0
2025-11-12 13:00:00,0.0
2025-11-12 17:00:00,0.0
2025-11-12 17:00:00,0.0
2025-11-12 21:00:00,0.0
2025-11-12 21:00:00,0.0
2025-11-13 01:00:00,0.0
2025-11-13 01:00:00,0.0
2025-11-13 05:00:00,0.0
2025-11-13 05:00:00,0.0
2025-11-13 09:00:00,0.0
2025-11-13 09:00:00,0.0
2025-11-13 13:00:00,0.0
2025-11-13 13:00:00,0.0
2025-11-13 17:00:00,0.0
2025-11-13 17:00:00,0.0
2025-11-13 21:00:00,0.0
2025-11-13 21:00:00,0.0
2025-11-14 01:00:00,0.0
2025-11-14 01:00:00,0.0
2025-11-14 05:00:00,0.0
2025-11-14 05:00:00,0.0
2025-11-14 09:00:00,0.0
2025-11-14 09:00:00,0.0
2025-11-14 13:00:00,0.0
2025-11-14 13:00:00,0.0
2025-11-14 17:00:00,0.0
2025-11-14 17:00:00,0.0
2025-11-14 21:00:00,0.0
2025-11-14 21:00:00,0.0
2025-11-15 01:00:00,0.0
2025-11-15 01:00:00,0.0
2025-11-15 05:00:00,0.0
2025-11-15 05:00:00,0.0
2025-11-15 09:00:00,0.0
2025-11-15 09:00:00,0.0
2025-11-15 13:00:00,0.0
2025-11-15 13:00:00,0.0
2025-11-15 17:00:00,0.0
2025-11-15 17:00:00,0.0
2025-11-15 21:00:00,0.0
2025-11-15 21:00:00,0.0
2025-11-16 01:00:00,0.0
2025-11-16 01:00:00,0.0
2025-11-16 05:00:00,0.0
2025-11-16 05:00:00,0.0
2025-11-16 09:00:00,0.0
2025-11-16 09:00:00,0.0
2025-11-16 13:00:00,0.0
2025-11-16 13:00:00,0.0
2025-11-16 17:00:00,0.0
2025-11-16 17:00:00,0.0
2025-11-16 21:00:00,0.0
2025-11-16 21:00:00,0.0
2025-11-17 01:00:00,0.0
2025-11-17 01:00:00,0.0
2025-11-17 05:00:00,0.0
2025-11-17 05:00:00,0.0
2025-11-17 09:00:00,0.0
2025-11-17 09:00:00,0.0
2025-11-17 13:00:00,0.0
2025-11-17 13:00:00,0.0
2025-11-17 17:00:00,0.0
2025-11-17 17:00:00,0.0
2025-11-17 21:00:00,0.0
2025-11-17 21:00:00,0.0
2025-11-18 01:00:00,0.0
2025-11-18 01:00:00,0.0
2025-11-18 05:00:00,0.0
2025-11-18 05:00:00,0.0
2025-11-18 09:00:00,0.0
2025-11-18 09:00:00,0.0
2025-11-18 13:00:00,0.0
2025-11-18 13:00:00,0.0
2025-11-18 17:00:00,0.0
2025-11-18 17:00:00,0.0
2025-11-18 21:00:00,0.0
2025-11-18 21:00:00,0.0
2025-11-19 01:00:00,0.0
2025-11-19 01:00:00,0.0
2025-11-19 05:00:00,0.0
2025-11-19 05:00:00,0.0
2025-11-19 09:00:00,0.0
2025-11-19 09:00:00,0.0
2025-11-19 13:00:00,0.0
2025-11-19 13:00:00,0.0
2025-11-19 17:00:00,0.0
2025-11-19 17:00:00,0.0
2025-11-19 21:00:00,0.0
2025-11-19 21:00:00,0.0
2025-11-20 01:00:00,0.0
2025-11-20 01:00:00,0.0
2025-11-20 05:00:00,0.0
2025-11-20 05:00:00,0.0
2025-11-20 09:00:00,0.0
2025-11-20 09:00:00,0.0
2025-11-20 13:00:00,0.0
2025-11-20 13:00:00,0.0
2025-11-20 17:00:00,0.0
2025-11-20 17:00:00,0.0
2025-11-20 21:00:00,0.0
2025-11-20 21:00:00,0.0
2025-11-21 01:00:00,0.0
2025-11-21 01:00:00,0.0
2025-11-21 05:00:00,0.0
2025-11-21 05:00:00,0.0
2025-11-21 09:00:00,0.0
2025-11-21 09:00:00,0.0
2025-11-21 13:00:00,0.0
2025-11-21 13:00:00,0.0
2025-11-21 17:00:00,0.0
2025-11-21 17:00:00,0.0
2025-11-21 21:00:00,0.0
2025-11-21 21:00:00,0.0
2025-11-22 01:00:00,0.0
2025-11-22 01:00:00,0.0
2025-11-22 05:00:00,0.0
2025-11-22 05:00:00,0.0
2025-11-22 09:00:00,0.0
2025-11-22 09:00:00,0.0
2025-11-22 13:00:00,0.0
2025-11-22 13:00:00,0.0
2025-11-22 17:00:00,0.0
2025-11-22 17:00:00,0.0
2025-11-22 21:00:00,0.0
2025-11-22 21:00:00,0.0
2025-11-23 01:00:00,0.0
2025-11-23 01:00:00,0.0
2025-11-23 05:00:00,0.0
2025-11-23 05:00:00,0.0
2025-11-23 09:00:00,0.0
2025-11-23 09:00:00,0.0
2025-11-23 13:00:00,0.0
2025-11-23 13:00:00,0.0
2025-11-23 17:00:00,0.0
2025-11-23 17:00:00,0.0
2025-11-23 21:00:00,0.0
2025-11-23 21:00:00,0.0
2025-11-24 01:00:00,0.0
2025-11-24 01:00:00,0.0
2025-11-24 05:00:00,0.0
2025-11-24 05:00:00,0.0
2025-11-24 09:00:00,0.0
2025-11-24 09:00:00,0.0
2025-11-24 13:00:00,0.0
2025-11-24 13:00:00,0.0
2025-11-24 17:00:00,0.0
2025-11-24 17:00:00,0.0
2025-11-24 21:00:00,0.0
2025-11-24 21:00:00,0.0
2025-11-25 01:00:00,0.0
2025-11-25 01:00:00,0.0
2025-11-25 05:00:00,0.0
2025-11-25 05:00:00,0.0
2025-11-25 09:00:00,0.0
2025-11-25 09:00:00,0.0
2025-11-25 13:00:00,0.0
2025-11-25 13:00:00,0.0
2025-11-25 17:00:00,0.0
2025-11-25 17:00:00,0.0
2025-11-25 21:00:00,0.0
2025-11-25 21:00:00,0.0
2025-11-26 01:00:00,0.0
2025-11-26 01:00:00,0.0
2025-11-26 05:00:00,0.0
2025-11-26 05:00:00,0.0
2025-11-26 09:00:00,0.0
2025-11-26 09:00:00,0.0
2025-11-26 13:00:00,0.0
2025-11-26 13:00:00,0.0
2025-11-26 17:00:00,0.0
2025-11-26 17:00:00,0.0
2025-11-26 21:00:00,0.0
2025-11-26 21:00:00,0.0
2025-11-27 01:00:00,0.0
2025-11-27 01:00:00,0.0
2025-11-27 05:00:00,0.0
2025-11-27 05:00:00,0.0
2025-11-27 09:00:00,0.0
2025-11-27 09:00:00,0.0
2025-11-27 13:00:00,0.0
2025-11-27 13:00:00,0.0
2025-11-27 17:00:00,0.0
2025-11-27 17:00:00,0.0
2025-11-27 21:00:00,0.0
2025-11-27 21:00:00,0.0
2025-11-28 01:00:00,0.0
2025-11-28 01:00:00,0.0
2025-11-28 05:00:00,0.0
2025-11-28 05:00:00,0.0
2025-11-28 09:00:00,0.0
2025-11-28 09:00:00,0.0
2025-11-28 13:00:00,0.0
2025-11-28 13:00:00,0.0
2025-11-28 17:00:00,0.0
2025-11-28 17:00:00,0.0
2025-11-28 21:00:00,0.0
2025-11-28 21:00:00,0.0
2025-11-29 01:00:00,0.0
2025-11-29 05:00:00,0.0
2025-11-29 09:00:00,0.0
2025-11-29 13:00:00,0.0
2025-11-29 17:00:00,0.0
2025-11-29 21:00:00,0.0
